muni_id,muni_name,cosub_5y19,cosub_5y18,cosub_5y17,cosub_5y16,cosub_5y15,cosub_5y14,cosub_5y13,cosub_5y12,cosub_5y11,cosub_5y10,cosub_5y09,cosub_5y20,cosub_5y21,cosub_5y22,cosub_5y23,cosub_5y24,cosub_cn00,cosub_cn10,cosub_cn20,bg_region,cmsbt08,cmsbt08_id,cmtyp08,cmtyp08_id,county,county_id,csa,mapc,mbta,mbta_cmtyp,mbta_other,mbta14,mbta51,mmc,msa,muni_upper,nsc,reg164,region,region_id,rpa_acr,rpa_id,rpa_name,mpo,mpo_name,mpo_id,rta_acr,rta_name,subrg_acr,subrg_alt,subrg_id,subrg_nm,subrg_full
1,Abington,2502300170,2502300170,2502300170,2502300170,2502300170,2502300170,2502300170,2502300170,2502300170,2502300170,2502300170,2502300170,2502300170,2502300170,2502300170,2502300170,2502300170,2502300170,2502300170,South,Maturing New England Town,387,Developing Suburb,377,Plymouth County,374,"Boston-Worcester-Providence, MA-RI-NH-CT CSA",0,1,Commuter Rail,1,0,0,0,"Boston-Cambridge-Newton, MA-NH MSA",ABINGTON,0,1,Southeastern Massachusetts,404,OCPC,399,Old Colony Planning Council,OCPC,Old Colony Planning Council,399,BAT,Brockton Area Transit Authority,,,,,
2,Acton,2501700380,2501700380,2501700380,2501700380,2501700380,2501700380,2501700380,2501700380,2501700380,2501700380,2501700380,2501700380,2501700380,2501700380,2501700380,2501700380,2501700380,2501700380,2501700380,West,Established Suburb/Cape Cod Town,386,Maturing Suburb,379,Middlesex County,371,"Boston-Worcester-Providence, MA-RI-NH-CT CSA",1,1,Commuter Rail,1,0,0,0,"Boston-Cambridge-Newton, MA-NH MSA",ACTON,0,1,MAPC,352,MAPC,352,Metropolitan Area Planning Council,MAPC,Metropolitan Area Planning Council,352,LRTA,Lowell Regional Transit Authority,MAGIC,,356,MAGIC Subregion,Minuteman Advisory Group on Interlocal Coordination Subregion (MAGIC)
3,Acushnet,2500500520,2500500520,2500500520,2500500520,2500500520,2500500520,2500500520,2500500520,2500500520,2500500520,2500500520,2500500520,2500500520,2500500520,2500500520,2500500520,2500500520,2500500520,2500500520,,Maturing New England Town,387,Developing Suburb,377,Bristol County,365,"Boston-Worcester-Providence, MA-RI-NH-CT CSA",0,0,,0,0,0,0,"Providence-Warwick, RI-MA MSA",ACUSHNET,0,0,Southeastern Massachusetts,404,SRPEDD,401,Southeastern Regional Planning & Economic Development District,SRPEDD,Southeastern Regional Planning & Economic Development District,401,SRTA,Southeastern Regional Transit Authority,,,,,
4,Adams,2500300555,2500300555,2500300555,2500300555,2500300555,2500300555,2500300555,2500300555,2500300555,2500300555,2500300555,2500300555,2500300555,2500300555,2500300555,2500300555,2500300555,2500300555,2500300555,,Maturing New England Town,387,Developing Suburb,377,Berkshire County,364,,0,0,,0,0,0,0,"Pittsfield, MA MSA",ADAMS,0,0,Western Massachusetts,405,BRPC,390,Berkshire County Regional Planning Commission,BRPC,Berkshire County Regional Planning Commission,390,BRTA,Berkshire Regional Transit Authority,,,,,
5,Agawam,2501300840,2501300840,2501300840,2501300840,2501300840,2501300840,2501300840,2501300840,2501300840,2501300840,2501300765,2501300840,2501300840,2501300840,2501300840,2501300840,2501300765,2501300840,2501300840,,Maturing New England Town,387,Developing Suburb,377,Hampden County,369,,0,0,,0,0,0,0,,AGAWAM,0,0,Western Massachusetts,405,PVPC,400,Pioneer Valley Planning Commission,PVPC,Pioneer Valley Planning Commission,400,PVTA,Pioneer Valley Transit Authority,,,,,
6,Alford,2500300975,2500300975,2500300975,2500300975,2500300975,2500300975,2500300975,2500300975,2500300975,2500300975,2500300975,2500300975,2500300975,2500300975,2500300975,2500300975,2500300975,2500300975,2500300975,,Rural Town,381,Rural Town,381,Berkshire County,364,,0,0,,0,0,0,0,"Pittsfield, MA MSA",ALFORD,0,0,Western Massachusetts,405,BRPC,390,Berkshire County Regional Planning Commission,BRPC,Berkshire County Regional Planning Commission,390,BRTA,Berkshire Regional Transit Authority,,,,,
7,Amesbury,2500901260,2500901260,2500901260,2500901260,2500901260,2500901260,2500901260,2500901260,2500901260,2500901260,2500901185,2500901260,2500901260,2500901260,2500901260,2500901185,2500901185,2500901260,2500901260,North,Sub-Regional Urban Center,383,Regional Urban Center,380,Essex County,367,"Boston-Worcester-Providence, MA-RI-NH-CT CSA",0,1,MBTA Adjacent,1,0,0,0,"Boston-Cambridge-Newton, MA-NH MSA",AMESBURY,0,1,Northeastern Massachusetts,403,MVPC,395,Merrimack Valley Planning Commission,MVPC,Merrimack Valley Planning Commission,395,MVRTA,Merrimack Valley Regional Transit Authority,,,,,
8,Amherst,2501501325,2501501325,2501501325,2501501325,2501501325,2501501325,2501501325,2501501325,2501501325,2501501325,2501501325,2501501370,2501501370,2501501370,2501501370,2501501370,2501501325,2501501325,2501501370,,Sub-Regional Urban Center,383,Regional Urban Center,380,Hampshire County,370,,0,0,,0,0,0,0,"Springfield, MA MSA",AMHERST,0,0,Western Massachusetts,405,PVPC,400,Pioneer Valley Planning Commission,PVPC,Pioneer Valley Planning Commission,400,PVTA,Pioneer Valley Transit Authority,,,,,
9,Andover,2500901465,2500901465,2500901465,2500901465,2500901465,2500901465,2500901465,2500901465,2500901465,2500901465,2500901465,2500901465,2500901465,2500901465,2500901465,2500901465,2500901465,2500901465,2500901465,North,Maturing New England Town,387,Developing Suburb,377,Essex County,367,"Boston-Worcester-Providence, MA-RI-NH-CT CSA",0,1,Commuter Rail,1,0,0,0,"Boston-Cambridge-Newton, MA-NH MSA",ANDOVER,0,1,Northeastern Massachusetts,403,MVPC,395,Merrimack Valley Planning Commission,MVPC,Merrimack Valley Planning Commission,395,MVRTA,Merrimack Valley Regional Transit Authority,,,,,
10,Arlington,2501701605,2501701605,2501701605,2501701605,2501701605,2501701605,2501701605,2501701605,2501701605,2501701605,2501701605,2501701605,2501701605,2501701605,2501701605,2501701605,2501701605,2501701605,2501701605,North,Streetcar Suburb,384,Inner Core,378,Middlesex County,371,"Boston-Worcester-Providence, MA-RI-NH-CT CSA",1,1,Subway Or Light Rail,0,1,0,1,"Boston-Cambridge-Newton, MA-NH MSA",ARLINGTON,0,1,MAPC,352,MAPC,352,Metropolitan Area Planning Council,MAPC,Metropolitan Area Planning Council,352,,,ICC,,355,Inner Core (ICC) Subregion,Inner Core Committee Subregion (ICC)
11,Ashburnham,2502701885,2502701885,2502701885,2502701885,2502701885,2502701885,2502701885,2502701885,2502701885,2502701885,2502701885,2502701885,2502701885,2502701885,2502701885,2502701885,2502701885,2502701885,2502701885,,Country Suburb,388,Developing Suburb,377,Worcester County,376,"Boston-Worcester-Providence, MA-RI-NH-CT CSA",0,1,MBTA Adjacent,1,0,0,0,"Worcester, MA-CT MSA",ASHBURNHAM,0,0,Central Massachusetts,402,MRPC,396,Montachusett Regional Planning Commission,MRPC,Montachusett Regional Planning Commission,396,MART,Montachusett Regional Transit Authority,,,,,
12,Ashby,2501701955,2501701955,2501701955,2501701955,2501701955,2501701955,2501701955,2501701955,2501701955,2501701955,2501701955,2501701955,2501701955,2501701955,2501701955,2501701955,2501701955,2501701955,2501701955,,Rural Town,381,Rural Town,381,Middlesex County,371,"Boston-Worcester-Providence, MA-RI-NH-CT CSA",0,1,MBTA Adjacent,1,0,0,0,"Boston-Cambridge-Newton, MA-NH MSA",ASHBY,0,0,Central Massachusetts,402,MRPC,396,Montachusett Regional Planning Commission,MRPC,Montachusett Regional Planning Commission,396,MART,Montachusett Regional Transit Authority,,,,,
13,Ashfield,2501102095,2501102095,2501102095,2501102095,2501102095,2501102095,2501102095,2501102095,2501102095,2501102095,2501102095,2501102095,2501102095,2501102095,2501102095,2501102095,2501102095,2501102095,2501102095,,Rural Town,381,Rural Town,381,Franklin County,368,,0,0,,0,0,0,0,"Springfield, MA MSA",ASHFIELD,0,0,Western Massachusetts,405,FRCOG,393,Franklin Regional Council of Governments,FRCOG,Franklin Regional Council of Governments,393,FRTA,Franklin Regional Transit Authority,,,,,
14,Ashland,2501702130,2501702130,2501702130,2501702130,2501702130,2501702130,2501702130,2501702130,2501702130,2501702130,2501702130,2501702130,2501702130,2501702130,2501702130,2501702130,2501702130,2501702130,2501702130,West,Established Suburb/Cape Cod Town,386,Maturing Suburb,379,Middlesex County,371,"Boston-Worcester-Providence, MA-RI-NH-CT CSA",1,1,Commuter Rail,1,0,0,0,"Boston-Cambridge-Newton, MA-NH MSA",ASHLAND,0,1,MAPC,352,MAPC,352,Metropolitan Area Planning Council,MAPC,Metropolitan Area Planning Council,352,MWRTA,MetroWest Regional Transit Authority,MWRC,,357,Metrowest Subregion,MetroWest Regional Collaborative Subregion (MWRC)
15,Athol,2502702480,2502702480,2502702480,2502702480,2502702480,2502702480,2502702480,2502702480,2502702480,2502702480,2502702480,2502702480,2502702480,2502702480,2502702480,2502702480,2502702480,2502702480,2502702480,,Maturing New England Town,387,Developing Suburb,377,Worcester County,376,"Boston-Worcester-Providence, MA-RI-NH-CT CSA",0,0,,0,0,0,0,"Worcester, MA-CT MSA",ATHOL,0,0,Central Massachusetts,402,MRPC,396,Montachusett Regional Planning Commission,MRPC,Montachusett Regional Planning Commission,396,MART,Montachusett Regional Transit Authority,,,,,
16,Attleboro,2500502690,2500502690,2500502690,2500502690,2500502690,2500502690,2500502690,2500502690,2500502690,2500502690,2500502690,2500502690,2500502690,2500502690,2500502690,2500502690,2500502690,2500502690,2500502690,,Sub-Regional Urban Center,383,Regional Urban Center,380,Bristol County,365,"Boston-Worcester-Providence, MA-RI-NH-CT CSA",0,1,Commuter Rail,1,0,0,0,"Providence-Warwick, RI-MA MSA",ATTLEBORO,0,1,Southeastern Massachusetts,404,SRPEDD,401,Southeastern Regional Planning & Economic Development District,SRPEDD,Southeastern Regional Planning & Economic Development District,401,GATRA,Greater Attleboro Taunton Regional Transit Authority,,,,,
17,Auburn,2502702760,2502702760,2502702760,2502702760,2502702760,2502702760,2502702760,2502702760,2502702760,2502702760,2502702760,2502702760,2502702760,2502702760,2502702760,2502702760,2502702760,2502702760,2502702760,,Maturing New England Town,387,Developing Suburb,377,Worcester County,376,"Boston-Worcester-Providence, MA-RI-NH-CT CSA",0,1,MBTA Adjacent,1,0,0,0,"Worcester, MA-CT MSA",AUBURN,0,0,Central Massachusetts,402,CMRPC,392,Central Massachusetts Regional Planning Commission,CMRPC,Central Massachusetts Regional Planning Commission,392,WRTA,Worcester Regional Transit Authority,,,,,
18,Avon,2502102935,2502102935,2502102935,2502102935,2502102935,2502102935,2502102935,2502102935,2502102935,2502102935,2502102935,2502102935,2502102935,2502102935,2502102935,2502102935,2502102935,2502102935,2502102935,South,Mature Suburb,385,Maturing Suburb,379,Norfolk County,373,"Boston-Worcester-Providence, MA-RI-NH-CT CSA",0,0,,0,0,0,0,"Boston-Cambridge-Newton, MA-NH MSA",AVON,0,1,Southeastern Massachusetts,404,OCPC,399,Old Colony Planning Council,OCPC,Old Colony Planning Council,399,BAT,Brockton Area Transit Authority,,,,,
19,Ayer,2501703005,2501703005,2501703005,2501703005,2501703005,2501703005,2501703005,2501703005,2501703005,2501703005,2501703005,2501703005,2501703005,2501703005,2501703005,2501703005,2501703005,2501703005,2501703005,West,Maturing New England Town,387,Developing Suburb,377,Middlesex County,371,"Boston-Worcester-Providence, MA-RI-NH-CT CSA",0,1,Commuter Rail,1,0,0,0,"Boston-Cambridge-Newton, MA-NH MSA",AYER,0,1,Central Massachusetts,402,MRPC,396,Montachusett Regional Planning Commission,MRPC,Montachusett Regional Planning Commission,396,MART,Montachusett Regional Transit Authority,,,,,
20,Barnstable,2500103690,2500103690,2500103690,2500103690,2500103690,2500103690,2500103690,2500103690,2500103690,2500103690,2500103690,2500103690,2500103690,2500103690,2500103690,2500103690,2500103600,2500103690,2500103690,,Established Suburb/Cape Cod Town,386,Maturing Suburb,379,Barnstable County,363,"Boston-Worcester-Providence, MA-RI-NH-CT CSA",0,0,,0,0,0,0,"Barnstable Town, MA MSA",BARNSTABLE,0,0,Southeastern Massachusetts,404,CCC,391,Cape Cod Planning & Economic Development Commission,CCC,Cape Cod Planning & Economic Development Commission,391,CCRTA,Cape Cod Regional Transit Authority,,,,,
21,Barre,2502703740,2502703740,2502703740,2502703740,2502703740,2502703740,2502703740,2502703740,2502703740,2502703740,2502703740,2502703740,2502703740,2502703740,2502703740,2502703740,2502703740,2502703740,2502703740,,Country Suburb,388,Developing Suburb,377,Worcester County,376,"Boston-Worcester-Providence, MA-RI-NH-CT CSA",0,0,,0,0,0,0,"Worcester, MA-CT MSA",BARRE,0,0,Central Massachusetts,402,CMRPC,392,Central Massachusetts Regional Planning Commission,CMRPC,Central Massachusetts Regional Planning Commission,392,WRTA,Worcester Regional Transit Authority,,,,,
22,Becket,2500304545,2500304545,2500304545,2500304545,2500304545,2500304545,2500304545,2500304545,2500304545,2500304545,2500304545,2500304545,2500304545,2500304545,2500304545,2500304545,2500304545,2500304545,2500304545,,Rural Town,381,Rural Town,381,Berkshire County,364,,0,0,,0,0,0,0,"Pittsfield, MA MSA",BECKET,0,0,Western Massachusetts,405,BRPC,390,Berkshire County Regional Planning Commission,BRPC,Berkshire County Regional Planning Commission,390,BRTA,Berkshire Regional Transit Authority,,,,,
23,Bedford,2501704615,2501704615,2501704615,2501704615,2501704615,2501704615,2501704615,2501704615,2501704615,2501704615,2501704615,2501704615,2501704615,2501704615,2501704615,2501704615,2501704615,2501704615,2501704615,West,Established Suburb/Cape Cod Town,386,Maturing Suburb,379,Middlesex County,371,"Boston-Worcester-Providence, MA-RI-NH-CT CSA",1,1,Bus,0,0,1,0,"Boston-Cambridge-Newton, MA-NH MSA",BEDFORD,0,1,MAPC,352,MAPC,352,Metropolitan Area Planning Council,MAPC,Metropolitan Area Planning Council,352,,,MAGIC,,356,MAGIC Subregion,Minuteman Advisory Group on Interlocal Coordination Subregion (MAGIC)
24,Belchertown,2501504825,2501504825,2501504825,2501504825,2501504825,2501504825,2501504825,2501504825,2501504825,2501504825,2501504825,2501504825,2501504825,2501504825,2501504825,2501504825,2501504825,2501504825,2501504825,,Country Suburb,388,Developing Suburb,377,Hampshire County,370,,0,0,,0,0,0,0,"Springfield, MA MSA",BELCHERTOWN,0,0,Western Massachusetts,405,PVPC,400,Pioneer Valley Planning Commission,PVPC,Pioneer Valley Planning Commission,400,PVTA,Pioneer Valley Transit Authority,,,,,
25,Bellingham,2502104930,2502104930,2502104930,2502104930,2502104930,2502104930,2502104930,2502104930,2502104930,2502104930,2502104930,2502104930,2502104930,2502104930,2502104930,2502104930,2502104930,2502104930,2502104930,West,Maturing New England Town,387,Developing Suburb,377,Norfolk County,373,"Boston-Worcester-Providence, MA-RI-NH-CT CSA",1,1,MBTA Adjacent,1,0,0,0,"Boston-Cambridge-Newton, MA-NH MSA",BELLINGHAM,0,1,MAPC,352,MAPC,352,Metropolitan Area Planning Council,MAPC,Metropolitan Area Planning Council,352,GATRA,Greater Attleboro Taunton Regional Transit Authority,SWAP,,361,South West (SWAP) Subregion,SouthWest Advisory Planning Committee Subregion (SWAP)
26,Belmont,2501705070,2501705070,2501705070,2501705070,2501705070,2501705070,2501705070,2501705070,2501705070,2501705070,2501705070,2501705070,2501705070,2501705070,2501705070,2501705070,2501705070,2501705070,2501705070,West,Streetcar Suburb,384,Inner Core,378,Middlesex County,371,"Boston-Worcester-Providence, MA-RI-NH-CT CSA",1,1,Bus,0,1,0,0,"Boston-Cambridge-Newton, MA-NH MSA",BELMONT,0,1,MAPC,352,MAPC,352,Metropolitan Area Planning Council,MAPC,Metropolitan Area Planning Council,352,,,ICC,,355,Inner Core (ICC) Subregion,Inner Core Committee Subregion (ICC)
27,Berkley,2500505280,2500505280,2500505280,2500505280,2500505280,2500505280,2500505280,2500505280,2500505280,2500505280,2500505280,2500505280,2500505280,2500505280,2500505280,2500505280,2500505280,2500505280,2500505280,,Country Suburb,388,Developing Suburb,377,Bristol County,365,"Boston-Worcester-Providence, MA-RI-NH-CT CSA",0,1,MBTA Adjacent,1,0,0,0,"Providence-Warwick, RI-MA MSA",BERKLEY,0,0,Southeastern Massachusetts,404,SRPEDD,401,Southeastern Regional Planning & Economic Development District,SRPEDD,Southeastern Regional Planning & Economic Development District,401,GATRA,Greater Attleboro Taunton Regional Transit Authority,,,,,
28,Berlin,2502705490,2502705490,2502705490,2502705490,2502705490,2502705490,2502705490,2502705490,2502705490,2502705490,2502705490,2502705490,2502705490,2502705490,2502705490,2502705490,2502705490,2502705490,2502705490,West,Country Suburb,388,Developing Suburb,377,Worcester County,376,"Boston-Worcester-Providence, MA-RI-NH-CT CSA",0,0,,0,0,0,0,"Worcester, MA-CT MSA",BERLIN,0,1,Central Massachusetts,402,CMRPC,392,Central Massachusetts Regional Planning Commission,CMRPC,Central Massachusetts Regional Planning Commission,392,WRTA,Worcester Regional Transit Authority,,,,,
29,Bernardston,2501105560,2501105560,2501105560,2501105560,2501105560,2501105560,2501105560,2501105560,2501105560,2501105560,2501105560,2501105560,2501105560,2501105560,2501105560,2501105560,2501105560,2501105560,2501105560,,Rural Town,381,Rural Town,381,Franklin County,368,,0,0,,0,0,0,0,"Springfield, MA MSA",BERNARDSTON,0,0,Western Massachusetts,405,FRCOG,393,Franklin Regional Council of Governments,FRCOG,Franklin Regional Council of Governments,393,FRTA,Franklin Regional Transit Authority,,,,,
30,Beverly,2500905595,2500905595,2500905595,2500905595,2500905595,2500905595,2500905595,2500905595,2500905595,2500905595,2500905595,2500905595,2500905595,2500905595,2500905595,2500905595,2500905595,2500905595,2500905595,North,Sub-Regional Urban Center,383,Regional Urban Center,380,Essex County,367,"Boston-Worcester-Providence, MA-RI-NH-CT CSA",1,1,Bus,0,0,1,0,"Boston-Cambridge-Newton, MA-NH MSA",BEVERLY,1,1,MAPC,352,MAPC,352,Metropolitan Area Planning Council,MAPC,Metropolitan Area Planning Council,352,,,NSTF,,359,North Suburban (NSPC) Subregion,North Shore Task Force Subregion (NSTF)
31,Billerica,2501705805,2501705805,2501705805,2501705805,2501705805,2501705805,2501705805,2501705805,2501705805,2501705805,2501705805,2501705805,2501705805,2501705805,2501705805,2501705805,2501705805,2501705805,2501705805,North,Established Suburb/Cape Cod Town,386,Maturing Suburb,379,Middlesex County,371,"Boston-Worcester-Providence, MA-RI-NH-CT CSA",0,1,Bus,1,0,0,0,"Boston-Cambridge-Newton, MA-NH MSA",BILLERICA,0,1,Northeastern Massachusetts,403,NMCOG,398,Northern Middlesex Council of Government,NMCOG,Northern Middlesex Council of Government,398,LRTA,Lowell Regional Transit Authority,,,,,
32,Blackstone,2502706015,2502706015,2502706015,2502706015,2502706015,2502706015,2502706015,2502706015,2502706015,2502706015,2502706015,2502706015,2502706015,2502706015,2502706015,2502706015,2502706015,2502706015,2502706015,,Maturing New England Town,387,Developing Suburb,377,Worcester County,376,"Boston-Worcester-Providence, MA-RI-NH-CT CSA",0,0,,0,0,0,0,"Worcester, MA-CT MSA",BLACKSTONE,0,1,Central Massachusetts,402,CMRPC,392,Central Massachusetts Regional Planning Commission,CMRPC,Central Massachusetts Regional Planning Commission,392,,,,,,,
33,Blandford,2501306085,2501306085,2501306085,2501306085,2501306085,2501306085,2501306085,2501306085,2501306085,2501306085,2501306085,2501306085,2501306085,2501306085,2501306085,2501306085,2501306085,2501306085,2501306085,,Rural Town,381,Rural Town,381,Hampden County,369,,0,0,,0,0,0,0,,BLANDFORD,0,0,Western Massachusetts,405,PVPC,400,Pioneer Valley Planning Commission,PVPC,Pioneer Valley Planning Commission,400,FRTA,Franklin Regional Transit Authority,,,,,
34,Bolton,2502706365,2502706365,2502706365,2502706365,2502706365,2502706365,2502706365,2502706365,2502706365,2502706365,2502706365,2502706365,2502706365,2502706365,2502706365,2502706365,2502706365,2502706365,2502706365,West,Country Suburb,388,Developing Suburb,377,Worcester County,376,"Boston-Worcester-Providence, MA-RI-NH-CT CSA",1,0,,0,0,0,0,"Worcester, MA-CT MSA",BOLTON,0,1,MAPC,352,MAPC,352,Metropolitan Area Planning Council,MAPC,Metropolitan Area Planning Council,352,MART,Montachusett Regional Transit Authority,MAGIC,,356,MAGIC Subregion,Minuteman Advisory Group on Interlocal Coordination Subregion (MAGIC)
35,Boston,2502507000,2502507000,2502507000,2502507000,2502507000,2502507000,2502507000,2502507000,2502507000,2502507000,2502507000,2502507000,2502507000,2502507000,2502507000,2502507000,2502507000,2502507000,2502507000,City,Metro Core Community,382,Inner Core,378,Suffolk County,375,"Boston-Worcester-Providence, MA-RI-NH-CT CSA",1,1,,0,1,0,1,"Boston-Cambridge-Newton, MA-NH MSA",BOSTON,0,1,MAPC,352,MAPC,352,Metropolitan Area Planning Council,MAPC,Metropolitan Area Planning Council,352,,,ICC,,355,Inner Core (ICC) Subregion,Inner Core Committee Subregion (ICC)
36,Bourne,2500107175,2500107175,2500107175,2500107175,2500107175,2500107175,2500107175,2500107175,2500107175,2500107175,2500107175,2500107175,2500107175,2500107175,2500107175,2500107175,2500107175,2500107175,2500107175,,Established Suburb/Cape Cod Town,386,Maturing Suburb,379,Barnstable County,363,"Boston-Worcester-Providence, MA-RI-NH-CT CSA",0,0,MBTA Adjacent,0,0,0,0,"Barnstable Town, MA MSA",BOURNE,0,0,Southeastern Massachusetts,404,CCC,391,Cape Cod Planning & Economic Development Commission,CCC,Cape Cod Planning & Economic Development Commission,391,CCRTA,Cape Cod Regional Transit Authority,,,,,
37,Boxborough,2501707350,2501707350,2501707350,2501707350,2501707350,2501707350,2501707350,2501707350,2501707350,2501707350,2501707350,2501707350,2501707350,2501707350,2501707350,2501707350,2501707350,2501707350,2501707350,West,Country Suburb,388,Developing Suburb,377,Middlesex County,371,"Boston-Worcester-Providence, MA-RI-NH-CT CSA",1,1,MBTA Adjacent,1,0,0,0,"Boston-Cambridge-Newton, MA-NH MSA",BOXBOROUGH,0,1,MAPC,352,MAPC,352,Metropolitan Area Planning Council,MAPC,Metropolitan Area Planning Council,352,MART,Montachusett Regional Transit Authority,MAGIC,,356,MAGIC Subregion,Minuteman Advisory Group on Interlocal Coordination Subregion (MAGIC)
38,Boxford,2500907420,2500907420,2500907420,2500907420,2500907420,2500907420,2500907420,2500907420,2500907420,2500907420,2500907420,2500907420,2500907420,2500907420,2500907420,2500907420,2500907420,2500907420,2500907420,North,Country Suburb,388,Developing Suburb,377,Essex County,367,"Boston-Worcester-Providence, MA-RI-NH-CT CSA",0,1,MBTA Adjacent,1,0,0,0,"Boston-Cambridge-Newton, MA-NH MSA",BOXFORD,0,1,Northeastern Massachusetts,403,MVPC,395,Merrimack Valley Planning Commission,MVPC,Merrimack Valley Planning Commission,395,MVRTA,Merrimack Valley Regional Transit Authority,,,,,
39,Boylston,2502707525,2502707525,2502707525,2502707525,2502707525,2502707525,2502707525,2502707525,2502707525,2502707525,2502707525,2502707525,2502707525,2502707525,2502707525,2502707525,2502707525,2502707525,2502707525,West,Country Suburb,388,Developing Suburb,377,Worcester County,376,"Boston-Worcester-Providence, MA-RI-NH-CT CSA",0,0,,0,0,0,0,"Worcester, MA-CT MSA",BOYLSTON,0,0,Central Massachusetts,402,CMRPC,392,Central Massachusetts Regional Planning Commission,CMRPC,Central Massachusetts Regional Planning Commission,392,WRTA,Worcester Regional Transit Authority,,,,,
40,Braintree,2502107740,2502107740,2502107740,2502107740,2502107740,2502107740,2502107740,2502107740,2502107740,2502107740,2502107665,2502107740,2502107740,2502107740,2502107740,2502107740,2502107665,2502107740,2502107740,South,Mature Suburb,385,Maturing Suburb,379,Norfolk County,373,"Boston-Worcester-Providence, MA-RI-NH-CT CSA",1,1,Subway Or Light Rail,0,0,1,1,"Boston-Cambridge-Newton, MA-NH MSA",BRAINTREE,0,1,MAPC,352,MAPC,352,Metropolitan Area Planning Council,MAPC,Metropolitan Area Planning Council,352,,,SSC,,360,South Shore (SSC) Subregion,South Shore Coalition Subregion (SSC)
41,Brewster,2500107980,2500107980,2500107980,2500107980,2500107980,2500107980,2500107980,2500107980,2500107980,2500107980,2500107980,2500107980,2500107980,2500107980,2500107980,2500107980,2500107980,2500107980,2500107980,,Established Suburb/Cape Cod Town,386,Maturing Suburb,379,Barnstable County,363,"Boston-Worcester-Providence, MA-RI-NH-CT CSA",0,0,,0,0,0,0,"Barnstable Town, MA MSA",BREWSTER,0,0,Southeastern Massachusetts,404,CCC,391,Cape Cod Planning & Economic Development Commission,CCC,Cape Cod Planning & Economic Development Commission,391,CCRTA,Cape Cod Regional Transit Authority,,,,,
42,Bridgewater,2502308130,2502308085,2502308085,2502308085,2502308085,2502308085,2502308085,2502308085,2502308085,2502308085,2502308085,2502308130,2502308130,2502308130,2502308130,2502308130,2502308085,2502308085,2502308130,South,Maturing New England Town,387,Developing Suburb,377,Plymouth County,374,"Boston-Worcester-Providence, MA-RI-NH-CT CSA",0,1,Commuter Rail,1,0,0,0,"Boston-Cambridge-Newton, MA-NH MSA",BRIDGEWATER,0,1,Southeastern Massachusetts,404,OCPC,399,Old Colony Planning Council,OCPC,Old Colony Planning Council,399,BAT,Brockton Area Transit Authority,,,,,
43,Brimfield,2501308470,2501308470,2501308470,2501308470,2501308470,2501308470,2501308470,2501308470,2501308470,2501308470,2501308470,2501308470,2501308470,2501308470,2501308470,2501308470,2501308470,2501308470,2501308470,,Rural Town,381,Rural Town,381,Hampden County,369,,0,0,,0,0,0,0,,BRIMFIELD,0,0,Western Massachusetts,405,PVPC,400,Pioneer Valley Planning Commission,PVPC,Pioneer Valley Planning Commission,400,WRTA,Worcester Regional Transit Authority,,,,,
44,Brockton,2502309000,2502309000,2502309000,2502309000,2502309000,2502309000,2502309000,2502309000,2502309000,2502309000,2502309000,2502309000,2502309000,2502309000,2502309000,2502309000,2502309000,2502309000,2502309000,South,Major Regional Urban Center,389,Regional Urban Center,380,Plymouth County,374,"Boston-Worcester-Providence, MA-RI-NH-CT CSA",0,1,Bus,1,0,0,0,"Boston-Cambridge-Newton, MA-NH MSA",BROCKTON,0,1,Southeastern Massachusetts,404,OCPC,399,Old Colony Planning Council,OCPC,Old Colony Planning Council,399,BAT,Brockton Area Transit Authority,,,,,
45,Brookfield,2502709105,2502709105,2502709105,2502709105,2502709105,2502709105,2502709105,2502709105,2502709105,2502709105,2502709105,2502709105,2502709105,2502709105,2502709105,2502709105,2502709105,2502709105,2502709105,,Maturing New England Town,387,Developing Suburb,377,Worcester County,376,"Boston-Worcester-Providence, MA-RI-NH-CT CSA",0,0,,0,0,0,0,"Worcester, MA-CT MSA",BROOKFIELD,0,0,Central Massachusetts,402,CMRPC,392,Central Massachusetts Regional Planning Commission,CMRPC,Central Massachusetts Regional Planning Commission,392,WRTA,Worcester Regional Transit Authority,,,,,
46,Brookline,2502109175,2502109175,2502109175,2502109175,2502109175,2502109175,2502109175,2502109175,2502109175,2502109175,2502109175,2502109175,2502109175,2502109175,2502109175,2502109175,2502109175,2502109175,2502109175,West,Streetcar Suburb,384,Inner Core,378,Norfolk County,373,"Boston-Worcester-Providence, MA-RI-NH-CT CSA",1,1,Subway Or Light Rail,0,1,0,1,"Boston-Cambridge-Newton, MA-NH MSA",BROOKLINE,0,1,MAPC,352,MAPC,352,Metropolitan Area Planning Council,MAPC,Metropolitan Area Planning Council,352,,,ICC,,355,Inner Core (ICC) Subregion,Inner Core Committee Subregion (ICC)
47,Buckland,2501109595,2501109595,2501109595,2501109595,2501109595,2501109595,2501109595,2501109595,2501109595,2501109595,2501109595,2501109595,2501109595,2501109595,2501109595,2501109595,2501109595,2501109595,2501109595,,Rural Town,381,Rural Town,381,Franklin County,368,,0,0,,0,0,0,0,"Springfield, MA MSA",BUCKLAND,0,0,Western Massachusetts,405,FRCOG,393,Franklin Regional Council of Governments,FRCOG,Franklin Regional Council of Governments,393,FRTA,Franklin Regional Transit Authority,,,,,
48,Burlington,2501709840,2501709840,2501709840,2501709840,2501709840,2501709840,2501709840,2501709840,2501709840,2501709840,2501709840,2501709840,2501709840,2501709840,2501709840,2501709840,2501709840,2501709840,2501709840,North,Mature Suburb,385,Maturing Suburb,379,Middlesex County,371,"Boston-Worcester-Providence, MA-RI-NH-CT CSA",1,1,Bus,0,0,1,0,"Boston-Cambridge-Newton, MA-NH MSA",BURLINGTON,0,1,MAPC,352,MAPC,352,Metropolitan Area Planning Council,MAPC,Metropolitan Area Planning Council,352,,,NSPC,,358,North Shore (NSTF) Subregion,North Suburban Planning Council Subregion (NSPC)
49,Cambridge,2501711000,2501711000,2501711000,2501711000,2501711000,2501711000,2501711000,2501711000,2501711000,2501711000,2501711000,2501711000,2501711000,2501711000,2501711000,2501711000,2501711000,2501711000,2501711000,City,Metro Core Community,382,Inner Core,378,Middlesex County,371,"Boston-Worcester-Providence, MA-RI-NH-CT CSA",1,1,Subway Or Light Rail,0,1,0,1,"Boston-Cambridge-Newton, MA-NH MSA",CAMBRIDGE,0,1,MAPC,352,MAPC,352,Metropolitan Area Planning Council,MAPC,Metropolitan Area Planning Council,352,,,ICC,,355,Inner Core (ICC) Subregion,Inner Core Committee Subregion (ICC)
50,Canton,2502111315,2502111315,2502111315,2502111315,2502111315,2502111315,2502111315,2502111315,2502111315,2502111315,2502111315,2502111315,2502111315,2502111315,2502111315,2502111315,2502111315,2502111315,2502111315,South,Established Suburb/Cape Cod Town,386,Maturing Suburb,379,Norfolk County,373,"Boston-Worcester-Providence, MA-RI-NH-CT CSA",1,1,Bus,0,0,1,0,"Boston-Cambridge-Newton, MA-NH MSA",CANTON,0,1,MAPC,352,MAPC,352,Metropolitan Area Planning Council,MAPC,Metropolitan Area Planning Council,352,,,TRIC,,362,Three Rivers (TRIC) Subregion,Three Rivers Interlocal Council Subregion (TRIC)
51,Carlisle,2501711525,2501711525,2501711525,2501711525,2501711525,2501711525,2501711525,2501711525,2501711525,2501711525,2501711525,2501711525,2501711525,2501711525,2501711525,2501711525,2501711525,2501711525,2501711525,West,Country Suburb,388,Developing Suburb,377,Middlesex County,371,"Boston-Worcester-Providence, MA-RI-NH-CT CSA",1,1,MBTA Adjacent,1,0,0,0,"Boston-Cambridge-Newton, MA-NH MSA",CARLISLE,0,1,MAPC,352,MAPC,352,Metropolitan Area Planning Council,MAPC,Metropolitan Area Planning Council,352,LRTA,Lowell Regional Transit Authority,MAGIC,,356,MAGIC Subregion,Minuteman Advisory Group on Interlocal Coordination Subregion (MAGIC)
52,Carver,2502311665,2502311665,2502311665,2502311665,2502311665,2502311665,2502311665,2502311665,2502311665,2502311665,2502311665,2502311665,2502311665,2502311665,2502311665,2502311665,2502311665,2502311665,2502311665,South,Maturing New England Town,387,Developing Suburb,377,Plymouth County,374,"Boston-Worcester-Providence, MA-RI-NH-CT CSA",0,1,MBTA Adjacent,1,0,0,0,"Boston-Cambridge-Newton, MA-NH MSA",CARVER,0,1,Southeastern Massachusetts,404,SRPEDD,401,Southeastern Regional Planning & Economic Development District,SRPEDD,Southeastern Regional Planning & Economic Development District,401,GATRA,Greater Attleboro Taunton Regional Transit Authority,,,,,
53,Charlemont,2501112505,2501112505,2501112505,2501112505,2501112505,2501112505,2501112505,2501112505,2501112505,2501112505,2501112505,2501112505,2501112505,2501112505,2501112505,2501112505,2501112505,2501112505,2501112505,,Rural Town,381,Rural Town,381,Franklin County,368,,0,0,,0,0,0,0,"Springfield, MA MSA",CHARLEMONT,0,0,Western Massachusetts,405,FRCOG,393,Franklin Regional Council of Governments,FRCOG,Franklin Regional Council of Governments,393,FRTA,Franklin Regional Transit Authority,,,,,
54,Charlton,2502712715,2502712715,2502712715,2502712715,2502712715,2502712715,2502712715,2502712715,2502712715,2502712715,2502712715,2502712715,2502712715,2502712715,2502712715,2502712715,2502712715,2502712715,2502712715,,Country Suburb,388,Developing Suburb,377,Worcester County,376,"Boston-Worcester-Providence, MA-RI-NH-CT CSA",0,0,,0,0,0,0,"Worcester, MA-CT MSA",CHARLTON,0,0,Central Massachusetts,402,CMRPC,392,Central Massachusetts Regional Planning Commission,CMRPC,Central Massachusetts Regional Planning Commission,392,WRTA,Worcester Regional Transit Authority,,,,,
55,Chatham,2500112995,2500112995,2500112995,2500112995,2500112995,2500112995,2500112995,2500112995,2500112995,2500112995,2500112995,2500112995,2500112995,2500112995,2500112995,2500112995,2500112995,2500112995,2500112995,,Established Suburb/Cape Cod Town,386,Maturing Suburb,379,Barnstable County,363,"Boston-Worcester-Providence, MA-RI-NH-CT CSA",0,0,,0,0,0,0,"Barnstable Town, MA MSA",CHATHAM,0,0,Southeastern Massachusetts,404,CCC,391,Cape Cod Planning & Economic Development Commission,CCC,Cape Cod Planning & Economic Development Commission,391,CCRTA,Cape Cod Regional Transit Authority,,,,,
56,Chelmsford,2501713135,2501713135,2501713135,2501713135,2501713135,2501713135,2501713135,2501713135,2501713135,2501713135,2501713135,2501713135,2501713135,2501713135,2501713135,2501713135,2501713135,2501713135,2501713135,North,Established Suburb/Cape Cod Town,386,Maturing Suburb,379,Middlesex County,371,"Boston-Worcester-Providence, MA-RI-NH-CT CSA",0,1,MBTA Adjacent,1,0,0,0,"Boston-Cambridge-Newton, MA-NH MSA",CHELMSFORD,0,1,Northeastern Massachusetts,403,NMCOG,398,Northern Middlesex Council of Government,NMCOG,Northern Middlesex Council of Government,398,LRTA,Lowell Regional Transit Authority,,,,,
57,Chelsea,2502513205,2502513205,2502513205,2502513205,2502513205,2502513205,2502513205,2502513205,2502513205,2502513205,2502513205,2502513205,2502513205,2502513205,2502513205,2502513205,2502513205,2502513205,2502513205,North,Metro Core Community,382,Inner Core,378,Suffolk County,375,"Boston-Worcester-Providence, MA-RI-NH-CT CSA",1,1,Subway Or Light Rail,0,1,0,1,"Boston-Cambridge-Newton, MA-NH MSA",CHELSEA,0,1,MAPC,352,MAPC,352,Metropolitan Area Planning Council,MAPC,Metropolitan Area Planning Council,352,,,ICC,,355,Inner Core (ICC) Subregion,Inner Core Committee Subregion (ICC)
58,Cheshire,2500313345,2500313345,2500313345,2500313345,2500313345,2500313345,2500313345,2500313345,2500313345,2500313345,2500313345,2500313345,2500313345,2500313345,2500313345,2500313345,2500313345,2500313345,2500313345,,Maturing New England Town,387,Developing Suburb,377,Berkshire County,364,,0,0,,0,0,0,0,"Pittsfield, MA MSA",CHESHIRE,0,0,Western Massachusetts,405,BRPC,390,Berkshire County Regional Planning Commission,BRPC,Berkshire County Regional Planning Commission,390,BRTA,Berkshire Regional Transit Authority,,,,,
59,Chester,2501313485,2501313485,2501313485,2501313485,2501313485,2501313485,2501313485,2501313485,2501313485,2501313485,2501313485,2501313485,2501313485,2501313485,2501313485,2501313485,2501313485,2501313485,2501313485,,Rural Town,381,Rural Town,381,Hampden County,369,,0,0,,0,0,0,0,,CHESTER,0,0,Western Massachusetts,405,PVPC,400,Pioneer Valley Planning Commission,PVPC,Pioneer Valley Planning Commission,400,FRTA,Franklin Regional Transit Authority,,,,,
60,Chesterfield,2501513590,2501513590,2501513590,2501513590,2501513590,2501513590,2501513590,2501513590,2501513590,2501513590,2501513590,2501513590,2501513590,2501513590,2501513590,2501513590,2501513590,2501513590,2501513590,,Rural Town,381,Rural Town,381,Hampshire County,370,,0,0,,0,0,0,0,"Springfield, MA MSA",CHESTERFIELD,0,0,Western Massachusetts,405,PVPC,400,Pioneer Valley Planning Commission,PVPC,Pioneer Valley Planning Commission,400,FRTA,Franklin Regional Transit Authority,,,,,
61,Chicopee,2501313660,2501313660,2501313660,2501313660,2501313660,2501313660,2501313660,2501313660,2501313660,2501313660,2501313660,2501313660,2501313660,2501313660,2501313660,2501313660,2501313660,2501313660,2501313660,,Sub-Regional Urban Center,383,Regional Urban Center,380,Hampden County,369,,0,0,,0,0,0,0,,CHICOPEE,0,0,Western Massachusetts,405,PVPC,400,Pioneer Valley Planning Commission,PVPC,Pioneer Valley Planning Commission,400,PVTA,Pioneer Valley Transit Authority,,,,,
62,Chilmark,2500713800,2500713800,2500713800,2500713800,2500713800,2500713800,2500713800,2500713800,2500713800,2500713800,2500713800,2500713800,2500713800,2500713800,2500713800,2500713800,2500713800,2500713800,2500713800,,Rural Town,381,Rural Town,381,Dukes County,366,,0,0,,0,0,0,0,"Vineyard Haven, MA mSA",CHILMARK,0,0,Southeastern Massachusetts,404,MVC,394,Marthas Vineyard Commission,MVC,Marthas Vineyard Commission,394,VRTA,Vineyard Transit Authority,,,,,
63,Clarksburg,2500314010,2500314010,2500314010,2500314010,2500314010,2500314010,2500314010,2500314010,2500314010,2500314010,2500314010,2500314010,2500314010,2500314010,2500314010,2500314010,2500314010,2500314010,2500314010,,Rural Town,381,Rural Town,381,Berkshire County,364,,0,0,,0,0,0,0,"Pittsfield, MA MSA",CLARKSBURG,0,0,Western Massachusetts,405,BRPC,390,Berkshire County Regional Planning Commission,BRPC,Berkshire County Regional Planning Commission,390,BRTA,Berkshire Regional Transit Authority,,,,,
64,Clinton,2502714395,2502714395,2502714395,2502714395,2502714395,2502714395,2502714395,2502714395,2502714395,2502714395,2502714395,2502714395,2502714395,2502714395,2502714395,2502714395,2502714395,2502714395,2502714395,,Sub-Regional Urban Center,383,Regional Urban Center,380,Worcester County,376,"Boston-Worcester-Providence, MA-RI-NH-CT CSA",0,0,,0,0,0,0,"Worcester, MA-CT MSA",CLINTON,0,1,Central Massachusetts,402,MRPC,396,Montachusett Regional Planning Commission,MRPC,Montachusett Regional Planning Commission,396,WRTA,Worcester Regional Transit Authority,,,,,
65,Cohasset,2502114640,2502114640,2502114640,2502114640,2502114640,2502114640,2502114640,2502114640,2502114640,2502114640,2502114640,2502114640,2502114640,2502114640,2502114640,2502114640,2502114640,2502114640,2502114640,South,Country Suburb,388,Developing Suburb,377,Norfolk County,373,"Boston-Worcester-Providence, MA-RI-NH-CT CSA",1,1,Commuter Rail,0,0,1,0,"Boston-Cambridge-Newton, MA-NH MSA",COHASSET,0,1,MAPC,352,MAPC,352,Metropolitan Area Planning Council,MAPC,Metropolitan Area Planning Council,352,,,SSC,,360,South Shore (SSC) Subregion,South Shore Coalition Subregion (SSC)
66,Colrain,2501114885,2501114885,2501114885,2501114885,2501114885,2501114885,2501114885,2501114885,2501114885,2501114885,2501114885,2501114885,2501114885,2501114885,2501114885,2501114885,2501114885,2501114885,2501114885,,Rural Town,381,Rural Town,381,Franklin County,368,,0,0,,0,0,0,0,"Springfield, MA MSA",COLRAIN,0,0,Western Massachusetts,405,FRCOG,393,Franklin Regional Council of Governments,FRCOG,Franklin Regional Council of Governments,393,FRTA,Franklin Regional Transit Authority,,,,,
67,Concord,2501715060,2501715060,2501715060,2501715060,2501715060,2501715060,2501715060,2501715060,2501715060,2501715060,2501715060,2501715060,2501715060,2501715060,2501715060,2501715060,2501715060,2501715060,2501715060,West,Established Suburb/Cape Cod Town,386,Maturing Suburb,379,Middlesex County,371,"Boston-Worcester-Providence, MA-RI-NH-CT CSA",1,1,Commuter Rail,0,0,1,0,"Boston-Cambridge-Newton, MA-NH MSA",CONCORD,0,1,MAPC,352,MAPC,352,Metropolitan Area Planning Council,MAPC,Metropolitan Area Planning Council,352,,,MAGIC,,356,MAGIC Subregion,Minuteman Advisory Group on Interlocal Coordination Subregion (MAGIC)
68,Conway,2501115200,2501115200,2501115200,2501115200,2501115200,2501115200,2501115200,2501115200,2501115200,2501115200,2501115200,2501115200,2501115200,2501115200,2501115200,2501115200,2501115200,2501115200,2501115200,,Rural Town,381,Rural Town,381,Franklin County,368,,0,0,,0,0,0,0,"Springfield, MA MSA",CONWAY,0,0,Western Massachusetts,405,FRCOG,393,Franklin Regional Council of Governments,FRCOG,Franklin Regional Council of Governments,393,FRTA,Franklin Regional Transit Authority,,,,,
69,Cummington,2501516040,2501516040,2501516040,2501516040,2501516040,2501516040,2501516040,2501516040,2501516040,2501516040,2501516040,2501516040,2501516040,2501516040,2501516040,2501516040,2501516040,2501516040,2501516040,,Rural Town,381,Rural Town,381,Hampshire County,370,,0,0,,0,0,0,0,"Springfield, MA MSA",CUMMINGTON,0,0,Western Massachusetts,405,PVPC,400,Pioneer Valley Planning Commission,PVPC,Pioneer Valley Planning Commission,400,FRTA,Franklin Regional Transit Authority,,,,,
70,Dalton,2500316180,2500316180,2500316180,2500316180,2500316180,2500316180,2500316180,2500316180,2500316180,2500316180,2500316180,2500316180,2500316180,2500316180,2500316180,2500316180,2500316180,2500316180,2500316180,,Maturing New England Town,387,Developing Suburb,377,Berkshire County,364,,0,0,,0,0,0,0,"Pittsfield, MA MSA",DALTON,0,0,Western Massachusetts,405,BRPC,390,Berkshire County Regional Planning Commission,BRPC,Berkshire County Regional Planning Commission,390,BRTA,Berkshire Regional Transit Authority,,,,,
71,Danvers,2500916250,2500916250,2500916250,2500916250,2500916250,2500916250,2500916250,2500916250,2500916250,2500916250,2500916250,2500916250,2500916250,2500916250,2500916250,2500916250,2500916250,2500916250,2500916250,North,Mature Suburb,385,Maturing Suburb,379,Essex County,367,"Boston-Worcester-Providence, MA-RI-NH-CT CSA",1,1,Bus,0,0,1,0,"Boston-Cambridge-Newton, MA-NH MSA",DANVERS,1,1,MAPC,352,MAPC,352,Metropolitan Area Planning Council,MAPC,Metropolitan Area Planning Council,352,,,NSTF,,359,North Suburban (NSPC) Subregion,North Shore Task Force Subregion (NSTF)
72,Dartmouth,2500516425,2500516425,2500516425,2500516425,2500516425,2500516425,2500516425,2500516425,2500516425,2500516425,2500516425,2500516425,2500516425,2500516425,2500516425,2500516425,2500516425,2500516425,2500516425,,Maturing New England Town,387,Developing Suburb,377,Bristol County,365,"Boston-Worcester-Providence, MA-RI-NH-CT CSA",0,0,,0,0,0,0,"Providence-Warwick, RI-MA MSA",DARTMOUTH,0,0,Southeastern Massachusetts,404,SRPEDD,401,Southeastern Regional Planning & Economic Development District,SRPEDD,Southeastern Regional Planning & Economic Development District,401,SRTA,Southeastern Regional Transit Authority,,,,,
73,Dedham,2502116495,2502116495,2502116495,2502116495,2502116495,2502116495,2502116495,2502116495,2502116495,2502116495,2502116495,2502116495,2502116495,2502116495,2502116495,2502116495,2502116495,2502116495,2502116495,South,Mature Suburb,385,Maturing Suburb,379,Norfolk County,373,"Boston-Worcester-Providence, MA-RI-NH-CT CSA",1,1,Bus,0,0,1,0,"Boston-Cambridge-Newton, MA-NH MSA",DEDHAM,0,1,MAPC,352,MAPC,352,Metropolitan Area Planning Council,MAPC,Metropolitan Area Planning Council,352,,,TRIC,,362,Three Rivers (TRIC) Subregion,Three Rivers Interlocal Council Subregion (TRIC)
74,Deerfield,2501116670,2501116670,2501116670,2501116670,2501116670,2501116670,2501116670,2501116670,2501116670,2501116670,2501116670,2501116670,2501116670,2501116670,2501116670,2501116670,2501116670,2501116670,2501116670,,Maturing New England Town,387,Developing Suburb,377,Franklin County,368,,0,0,,0,0,0,0,"Springfield, MA MSA",DEERFIELD,0,0,Western Massachusetts,405,FRCOG,393,Franklin Regional Council of Governments,FRCOG,Franklin Regional Council of Governments,393,FRTA,Franklin Regional Transit Authority,,,,,
75,Dennis,2500116775,2500116775,2500116775,2500116775,2500116775,2500116775,2500116775,2500116775,2500116775,2500116775,2500116775,2500116775,2500116775,2500116775,2500116775,2500116775,2500116775,2500116775,2500116775,,Established Suburb/Cape Cod Town,386,Maturing Suburb,379,Barnstable County,363,"Boston-Worcester-Providence, MA-RI-NH-CT CSA",0,0,,0,0,0,0,"Barnstable Town, MA MSA",DENNIS,0,0,Southeastern Massachusetts,404,CCC,391,Cape Cod Planning & Economic Development Commission,CCC,Cape Cod Planning & Economic Development Commission,391,CCRTA,Cape Cod Regional Transit Authority,,,,,
76,Dighton,2500516950,2500516950,2500516950,2500516950,2500516950,2500516950,2500516950,2500516950,2500516950,2500516950,2500516950,2500516950,2500516950,2500516950,2500516950,2500516950,2500516950,2500516950,2500516950,,Country Suburb,388,Developing Suburb,377,Bristol County,365,"Boston-Worcester-Providence, MA-RI-NH-CT CSA",0,0,,0,0,0,0,"Providence-Warwick, RI-MA MSA",DIGHTON,0,0,Southeastern Massachusetts,404,SRPEDD,401,Southeastern Regional Planning & Economic Development District,SRPEDD,Southeastern Regional Planning & Economic Development District,401,GATRA,Greater Attleboro Taunton Regional Transit Authority,,,,,
77,Douglas,2502717300,2502717300,2502717300,2502717300,2502717300,2502717300,2502717300,2502717300,2502717300,2502717300,2502717300,2502717300,2502717300,2502717300,2502717300,2502717300,2502717300,2502717300,2502717300,,Country Suburb,388,Developing Suburb,377,Worcester County,376,"Boston-Worcester-Providence, MA-RI-NH-CT CSA",0,0,,0,0,0,0,"Worcester, MA-CT MSA",DOUGLAS,0,0,Central Massachusetts,402,CMRPC,392,Central Massachusetts Regional Planning Commission,CMRPC,Central Massachusetts Regional Planning Commission,392,WRTA,Worcester Regional Transit Authority,,,,,
78,Dover,2502117405,2502117405,2502117405,2502117405,2502117405,2502117405,2502117405,2502117405,2502117405,2502117405,2502117405,2502117405,2502117405,2502117405,2502117405,2502117405,2502117405,2502117405,2502117405,West,Country Suburb,388,Developing Suburb,377,Norfolk County,373,"Boston-Worcester-Providence, MA-RI-NH-CT CSA",1,1,MBTA Adjacent,0,0,1,0,"Boston-Cambridge-Newton, MA-NH MSA",DOVER,0,1,MAPC,352,MAPC,352,Metropolitan Area Planning Council,MAPC,Metropolitan Area Planning Council,352,MWRTA,MetroWest Regional Transit Authority,TRIC,SWAP,362,Three Rivers (TRIC) Subregion,Three Rivers Interlocal Council Subregion (TRIC)
79,Dracut,2501717475,2501717475,2501717475,2501717475,2501717475,2501717475,2501717475,2501717475,2501717475,2501717475,2501717475,2501717475,2501717475,2501717475,2501717475,2501717475,2501717475,2501717475,2501717475,North,Maturing New England Town,387,Developing Suburb,377,Middlesex County,371,"Boston-Worcester-Providence, MA-RI-NH-CT CSA",0,1,MBTA Adjacent,1,0,0,0,"Boston-Cambridge-Newton, MA-NH MSA",DRACUT,0,1,Northeastern Massachusetts,403,NMCOG,398,Northern Middlesex Council of Government,NMCOG,Northern Middlesex Council of Government,398,LRTA,Lowell Regional Transit Authority,,,,,
80,Dudley,2502717685,2502717685,2502717685,2502717685,2502717685,2502717685,2502717685,2502717685,2502717685,2502717685,2502717685,2502717685,2502717685,2502717685,2502717685,2502717685,2502717685,2502717685,2502717685,,Maturing New England Town,387,Developing Suburb,377,Worcester County,376,"Boston-Worcester-Providence, MA-RI-NH-CT CSA",0,0,,0,0,0,0,"Worcester, MA-CT MSA",DUDLEY,0,0,Central Massachusetts,402,CMRPC,392,Central Massachusetts Regional Planning Commission,CMRPC,Central Massachusetts Regional Planning Commission,392,WRTA,Worcester Regional Transit Authority,,,,,
81,Dunstable,2501717825,2501717825,2501717825,2501717825,2501717825,2501717825,2501717825,2501717825,2501717825,2501717825,2501717825,2501717825,2501717825,2501717825,2501717825,2501717825,2501717825,2501717825,2501717825,West,Country Suburb,388,Developing Suburb,377,Middlesex County,371,"Boston-Worcester-Providence, MA-RI-NH-CT CSA",0,0,,0,0,0,0,"Boston-Cambridge-Newton, MA-NH MSA",DUNSTABLE,0,1,Northeastern Massachusetts,403,NMCOG,398,Northern Middlesex Council of Government,NMCOG,Northern Middlesex Council of Government,398,LRTA,Lowell Regional Transit Authority,,,,,
82,Duxbury,2502317895,2502317895,2502317895,2502317895,2502317895,2502317895,2502317895,2502317895,2502317895,2502317895,2502317895,2502317895,2502317895,2502317895,2502317895,2502317895,2502317895,2502317895,2502317895,South,Established Suburb/Cape Cod Town,386,Maturing Suburb,379,Plymouth County,374,"Boston-Worcester-Providence, MA-RI-NH-CT CSA",1,1,MBTA Adjacent,1,0,0,0,"Boston-Cambridge-Newton, MA-NH MSA",DUXBURY,0,1,MAPC,352,MAPC,352,Metropolitan Area Planning Council,OCPC,Old Colony Planning Council,399,GATRA,Greater Attleboro Taunton Regional Transit Authority,SSC,,360,South Shore (SSC) Subregion,South Shore Coalition Subregion (SSC)
83,East Bridgewater,2502318455,2502318455,2502318455,2502318455,2502318455,2502318455,2502318455,2502318455,2502318455,2502318455,2502318455,2502318455,2502318455,2502318455,2502318455,2502318455,2502318455,2502318455,2502318455,South,Maturing New England Town,387,Developing Suburb,377,Plymouth County,374,"Boston-Worcester-Providence, MA-RI-NH-CT CSA",0,1,MBTA Adjacent,1,0,0,0,"Boston-Cambridge-Newton, MA-NH MSA",EAST BRIDGEWATER,0,1,Southeastern Massachusetts,404,OCPC,399,Old Colony Planning Council,OCPC,Old Colony Planning Council,399,BAT,Brockton Area Transit Authority,,,,,
84,East Brookfield,2502718560,2502718560,2502718560,2502718560,2502718560,2502718560,2502718560,2502718560,2502718560,2502718560,2502718560,2502718560,2502718560,2502718560,2502718560,2502718560,2502718560,2502718560,2502718560,,Maturing New England Town,387,Developing Suburb,377,Worcester County,376,"Boston-Worcester-Providence, MA-RI-NH-CT CSA",0,0,,0,0,0,0,"Worcester, MA-CT MSA",EAST BROOKFIELD,0,0,Central Massachusetts,402,CMRPC,392,Central Massachusetts Regional Planning Commission,CMRPC,Central Massachusetts Regional Planning Commission,392,WRTA,Worcester Regional Transit Authority,,,,,
85,East Longmeadow,2501319645,2501319645,2501319645,2501319645,2501319645,2501319645,2501319645,2501319645,2501319645,2501319645,2501319645,2501319645,2501319645,2501319645,2501319645,2501319645,2501319645,2501319645,2501319645,,Maturing New England Town,387,Developing Suburb,377,Hampden County,369,,0,0,,0,0,0,0,,EAST LONGMEADOW,0,0,Western Massachusetts,405,PVPC,400,Pioneer Valley Planning Commission,PVPC,Pioneer Valley Planning Commission,400,PVTA,Pioneer Valley Transit Authority,,,,,
86,Eastham,2500119295,2500119295,2500119295,2500119295,2500119295,2500119295,2500119295,2500119295,2500119295,2500119295,2500119295,2500119295,2500119295,2500119295,2500119295,2500119295,2500119295,2500119295,2500119295,,Established Suburb/Cape Cod Town,386,Maturing Suburb,379,Barnstable County,363,"Boston-Worcester-Providence, MA-RI-NH-CT CSA",0,0,,0,0,0,0,"Barnstable Town, MA MSA",EASTHAM,0,0,Southeastern Massachusetts,404,CCC,391,Cape Cod Planning & Economic Development Commission,CCC,Cape Cod Planning & Economic Development Commission,391,CCRTA,Cape Cod Regional Transit Authority,,,,,
87,Easthampton,2501519370,2501519370,2501519370,2501519370,2501519370,2501519370,2501519370,2501519370,2501519370,2501519370,2501519330,2501519370,2501519370,2501519370,2501519370,2501519365,2501519330,2501519370,2501519370,,Sub-Regional Urban Center,383,Regional Urban Center,380,Hampshire County,370,,0,0,,0,0,0,0,"Springfield, MA MSA",EASTHAMPTON,0,0,Western Massachusetts,405,PVPC,400,Pioneer Valley Planning Commission,PVPC,Pioneer Valley Planning Commission,400,PVTA,Pioneer Valley Transit Authority,,,,,
88,Easton,2500520100,2500520100,2500520100,2500520100,2500520100,2500520100,2500520100,2500520100,2500520100,2500520100,2500520100,2500520100,2500520100,2500520100,2500520100,2500520100,2500520100,2500520100,2500520100,South,Maturing New England Town,387,Developing Suburb,377,Bristol County,365,"Boston-Worcester-Providence, MA-RI-NH-CT CSA",0,1,MBTA Adjacent,1,0,0,0,"Providence-Warwick, RI-MA MSA",EASTON,0,1,Southeastern Massachusetts,404,OCPC,399,Old Colony Planning Council,OCPC,Old Colony Planning Council,399,BAT,Brockton Area Transit Authority,,,,,
89,Edgartown,2500721150,2500721150,2500721150,2500721150,2500721150,2500721150,2500721150,2500721150,2500721150,2500721150,2500721150,2500721150,2500721150,2500721150,2500721150,2500721150,2500721150,2500721150,2500721150,,Maturing New England Town,387,Developing Suburb,377,Dukes County,366,,0,0,,0,0,0,0,"Vineyard Haven, MA mSA",EDGARTOWN,0,0,Southeastern Massachusetts,404,MVC,394,Marthas Vineyard Commission,MVC,Marthas Vineyard Commission,394,VRTA,Vineyard Transit Authority,,,,,
90,Egremont,2500321360,2500321360,2500321360,2500321360,2500321360,2500321360,2500321360,2500321360,2500321360,2500321360,2500321360,2500321360,2500321360,2500321360,2500321360,2500321360,2500321360,2500321360,2500321360,,Rural Town,381,Rural Town,381,Berkshire County,364,,0,0,,0,0,0,0,"Pittsfield, MA MSA",EGREMONT,0,0,Western Massachusetts,405,BRPC,390,Berkshire County Regional Planning Commission,BRPC,Berkshire County Regional Planning Commission,390,BRTA,Berkshire Regional Transit Authority,,,,,
91,Erving,2501121780,2501121780,2501121780,2501121780,2501121780,2501121780,2501121780,2501121780,2501121780,2501121780,2501121780,2501121780,2501121780,2501121780,2501121780,2501121780,2501121780,2501121780,2501121780,,Rural Town,381,Rural Town,381,Franklin County,368,,0,0,,0,0,0,0,"Springfield, MA MSA",ERVING,0,0,Western Massachusetts,405,FRCOG,393,Franklin Regional Council of Governments,FRCOG,Franklin Regional Council of Governments,393,FRTA,Franklin Regional Transit Authority,,,,,
92,Essex,2500921850,2500921850,2500921850,2500921850,2500921850,2500921850,2500921850,2500921850,2500921850,2500921850,2500921850,2500921850,2500921850,2500921850,2500921850,2500921850,2500921850,2500921850,2500921850,North,Maturing New England Town,387,Developing Suburb,377,Essex County,367,"Boston-Worcester-Providence, MA-RI-NH-CT CSA",1,1,MBTA Adjacent,1,0,0,0,"Boston-Cambridge-Newton, MA-NH MSA",ESSEX,1,1,MAPC,352,MAPC,352,Metropolitan Area Planning Council,MAPC,Metropolitan Area Planning Council,352,CATA,Cape Ann Transportation Authority,NSTF,,359,North Suburban (NSPC) Subregion,North Shore Task Force Subregion (NSTF)
93,Everett,2501721990,2501721990,2501721990,2501721990,2501721990,2501721990,2501721990,2501721990,2501721990,2501721990,2501721990,2501721990,2501721990,2501721990,2501721990,2501721990,2501721990,2501721990,2501721990,North,Metro Core Community,382,Inner Core,378,Middlesex County,371,"Boston-Worcester-Providence, MA-RI-NH-CT CSA",1,1,Subway Or Light Rail,0,1,0,1,"Boston-Cambridge-Newton, MA-NH MSA",EVERETT,0,1,MAPC,352,MAPC,352,Metropolitan Area Planning Council,MAPC,Metropolitan Area Planning Council,352,,,ICC,,355,Inner Core (ICC) Subregion,Inner Core Committee Subregion (ICC)
94,Fairhaven,2500522130,2500522130,2500522130,2500522130,2500522130,2500522130,2500522130,2500522130,2500522130,2500522130,2500522130,2500522130,2500522130,2500522130,2500522130,2500522130,2500522130,2500522130,2500522130,,Maturing New England Town,387,Developing Suburb,377,Bristol County,365,"Boston-Worcester-Providence, MA-RI-NH-CT CSA",0,0,,0,0,0,0,"Providence-Warwick, RI-MA MSA",FAIRHAVEN,0,0,Southeastern Massachusetts,404,SRPEDD,401,Southeastern Regional Planning & Economic Development District,SRPEDD,Southeastern Regional Planning & Economic Development District,401,SRTA,Southeastern Regional Transit Authority,,,,,
95,Fall River,2500523000,2500523000,2500523000,2500523000,2500523000,2500523000,2500523000,2500523000,2500523000,2500523000,2500523000,2500523000,2500523000,2500523000,2500523000,2500523000,2500523000,2500523000,2500523000,,Major Regional Urban Center,389,Regional Urban Center,380,Bristol County,365,"Boston-Worcester-Providence, MA-RI-NH-CT CSA",0,0,,0,0,0,0,"Providence-Warwick, RI-MA MSA",FALL RIVER,0,0,Southeastern Massachusetts,404,SRPEDD,401,Southeastern Regional Planning & Economic Development District,SRPEDD,Southeastern Regional Planning & Economic Development District,401,SRTA,Southeastern Regional Transit Authority,,,,,
96,Falmouth,2500123105,2500123105,2500123105,2500123105,2500123105,2500123105,2500123105,2500123105,2500123105,2500123105,2500123105,2500123105,2500123105,2500123105,2500123105,2500123105,2500123105,2500123105,2500123105,,Established Suburb/Cape Cod Town,386,Maturing Suburb,379,Barnstable County,363,"Boston-Worcester-Providence, MA-RI-NH-CT CSA",0,0,,0,0,0,0,"Barnstable Town, MA MSA",FALMOUTH,0,0,Southeastern Massachusetts,404,CCC,391,Cape Cod Planning & Economic Development Commission,CCC,Cape Cod Planning & Economic Development Commission,391,CCRTA,Cape Cod Regional Transit Authority,,,,,
97,Fitchburg,2502723875,2502723875,2502723875,2502723875,2502723875,2502723875,2502723875,2502723875,2502723875,2502723875,2502723875,2502723875,2502723875,2502723875,2502723875,2502723875,2502723875,2502723875,2502723875,,Sub-Regional Urban Center,383,Regional Urban Center,380,Worcester County,376,"Boston-Worcester-Providence, MA-RI-NH-CT CSA",0,1,Commuter Rail,1,0,0,0,"Worcester, MA-CT MSA",FITCHBURG,0,0,Central Massachusetts,402,MRPC,396,Montachusett Regional Planning Commission,MRPC,Montachusett Regional Planning Commission,396,MART,Montachusett Regional Transit Authority,,,,,
98,Florida,2500324120,2500324120,2500324120,2500324120,2500324120,2500324120,2500324120,2500324120,2500324120,2500324120,2500324120,2500324120,2500324120,2500324120,2500324120,2500324120,2500324120,2500324120,2500324120,,Rural Town,381,Rural Town,381,Berkshire County,364,,0,0,,0,0,0,0,"Pittsfield, MA MSA",FLORIDA,0,0,Western Massachusetts,405,BRPC,390,Berkshire County Regional Planning Commission,BRPC,Berkshire County Regional Planning Commission,390,BRTA,Berkshire Regional Transit Authority,,,,,
99,Foxborough,2502124820,2502124820,2502124820,2502124820,2502124820,2502124820,2502124820,2502124820,2502124820,2502124820,2502124820,2502124820,2502124820,2502124820,2502124820,2502124820,2502124820,2502124820,2502124820,South,Maturing New England Town,387,Developing Suburb,377,Norfolk County,373,"Boston-Worcester-Providence, MA-RI-NH-CT CSA",1,1,MBTA Adjacent,1,0,0,0,"Boston-Cambridge-Newton, MA-NH MSA",FOXBOROUGH,0,1,MAPC,352,MAPC,352,Metropolitan Area Planning Council,MAPC,Metropolitan Area Planning Council,352,GATRA,Greater Attleboro Taunton Regional Transit Authority,TRIC,,362,Three Rivers (TRIC) Subregion,Three Rivers Interlocal Council Subregion (TRIC)
100,Framingham,2501724960,2501724960,2501724925,2501724925,2501724925,2501724925,2501724925,2501724925,2501724925,2501724925,2501724925,2501724960,2501724960,2501724960,2501724960,2501724960,2501724925,2501724925,2501724960,West,Sub-Regional Urban Center,383,Regional Urban Center,380,Middlesex County,371,"Boston-Worcester-Providence, MA-RI-NH-CT CSA",1,1,Commuter Rail,0,0,1,0,"Boston-Cambridge-Newton, MA-NH MSA",FRAMINGHAM,0,1,MAPC,352,MAPC,352,Metropolitan Area Planning Council,MAPC,Metropolitan Area Planning Council,352,MWRTA,MetroWest Regional Transit Authority,MWRC,,357,Metrowest Subregion,MetroWest Regional Collaborative Subregion (MWRC)
101,Franklin,2502125172,2502125172,2502125172,2502125172,2502125172,2502125172,2502125172,2502125172,2502125172,2502125172,2502125100,2502125172,2502125172,2502125172,2502125172,2502125172,2502125100,2502125172,2502125172,West,Maturing New England Town,387,Developing Suburb,377,Norfolk County,373,"Boston-Worcester-Providence, MA-RI-NH-CT CSA",1,1,Commuter Rail,1,0,0,0,"Boston-Cambridge-Newton, MA-NH MSA",FRANKLIN,0,1,MAPC,352,MAPC,352,Metropolitan Area Planning Council,MAPC,Metropolitan Area Planning Council,352,GATRA,Greater Attleboro Taunton Regional Transit Authority,SWAP,,361,South West (SWAP) Subregion,SouthWest Advisory Planning Committee Subregion (SWAP)
102,Freetown,2500525240,2500525240,2500525240,2500525240,2500525240,2500525240,2500525240,2500525240,2500525240,2500525240,2500525240,2500525240,2500525240,2500525240,2500525240,2500525240,2500525240,2500525240,2500525240,South,Country Suburb,388,Developing Suburb,377,Bristol County,365,"Boston-Worcester-Providence, MA-RI-NH-CT CSA",0,1,MBTA Adjacent,1,0,0,0,"Providence-Warwick, RI-MA MSA",FREETOWN,0,0,Southeastern Massachusetts,404,SRPEDD,401,Southeastern Regional Planning & Economic Development District,SRPEDD,Southeastern Regional Planning & Economic Development District,401,SRTA,Southeastern Regional Transit Authority,,,,,
103,Gardner,2502725485,2502725485,2502725485,2502725485,2502725485,2502725485,2502725485,2502725485,2502725485,2502725485,2502725485,2502725485,2502725485,2502725485,2502725485,2502725485,2502725485,2502725485,2502725485,,Sub-Regional Urban Center,383,Regional Urban Center,380,Worcester County,376,"Boston-Worcester-Providence, MA-RI-NH-CT CSA",0,0,,0,0,0,0,"Worcester, MA-CT MSA",GARDNER,0,0,Central Massachusetts,402,MRPC,396,Montachusett Regional Planning Commission,MRPC,Montachusett Regional Planning Commission,396,MART,Montachusett Regional Transit Authority,,,,,
104,Aquinnah,2500701585,2500701585,2500701585,2500701585,2500701585,2500701585,2500701585,2500701585,2500701585,2500701585,2500701585,2500701585,2500701585,2500701585,2500701585,2500701585,2500701585,2500701585,2500701585,,Rural Town,381,Rural Town,381,Dukes County,366,,0,0,,0,0,0,0,"Vineyard Haven, MA mSA",AQUINNAH,0,0,Southeastern Massachusetts,404,MVC,394,Marthas Vineyard Commission,MVC,Marthas Vineyard Commission,394,VRTA,Vineyard Transit Authority,,,,,
105,Georgetown,2500925625,2500925625,2500925625,2500925625,2500925625,2500925625,2500925625,2500925625,2500925625,2500925625,2500925625,2500925625,2500925625,2500925625,2500925625,2500925625,2500925625,2500925625,2500925625,North,Country Suburb,388,Developing Suburb,377,Essex County,367,"Boston-Worcester-Providence, MA-RI-NH-CT CSA",0,1,MBTA Adjacent,1,0,0,0,"Boston-Cambridge-Newton, MA-NH MSA",GEORGETOWN,0,1,Northeastern Massachusetts,403,MVPC,395,Merrimack Valley Planning Commission,MVPC,Merrimack Valley Planning Commission,395,MVRTA,Merrimack Valley Regional Transit Authority,,,,,
106,Gill,2501125730,2501125730,2501125730,2501125730,2501125730,2501125730,2501125730,2501125730,2501125730,2501125730,2501125730,2501125730,2501125730,2501125730,2501125730,2501125730,2501125730,2501125730,2501125730,,Rural Town,381,Rural Town,381,Franklin County,368,,0,0,,0,0,0,0,"Springfield, MA MSA",GILL,0,0,Western Massachusetts,405,FRCOG,393,Franklin Regional Council of Governments,FRCOG,Franklin Regional Council of Governments,393,FRTA,Franklin Regional Transit Authority,,,,,
107,Gloucester,2500926150,2500926150,2500926150,2500926150,2500926150,2500926150,2500926150,2500926150,2500926150,2500926150,2500926150,2500926150,2500926150,2500926150,2500926150,2500926150,2500926150,2500926150,2500926150,North,Sub-Regional Urban Center,383,Regional Urban Center,380,Essex County,367,"Boston-Worcester-Providence, MA-RI-NH-CT CSA",1,1,Commuter Rail,1,0,0,0,"Boston-Cambridge-Newton, MA-NH MSA",GLOUCESTER,1,1,MAPC,352,MAPC,352,Metropolitan Area Planning Council,MAPC,Metropolitan Area Planning Council,352,CATA,Cape Ann Transportation Authority,NSTF,,359,North Suburban (NSPC) Subregion,North Shore Task Force Subregion (NSTF)
108,Goshen,2501526290,2501526290,2501526290,2501526290,2501526290,2501526290,2501526290,2501526290,2501526290,2501526290,2501526290,2501526290,2501526290,2501526290,2501526290,2501526290,2501526290,2501526290,2501526290,,Rural Town,381,Rural Town,381,Hampshire County,370,,0,0,,0,0,0,0,"Springfield, MA MSA",GOSHEN,0,0,Western Massachusetts,405,PVPC,400,Pioneer Valley Planning Commission,PVPC,Pioneer Valley Planning Commission,400,FRTA,Franklin Regional Transit Authority,,,,,
109,Gosnold,2500726325,2500726325,2500726325,2500726325,2500726325,2500726325,2500726325,2500726325,2500726325,2500726325,2500726325,2500726325,2500726325,2500726325,2500726325,2500726325,2500726325,2500726325,2500726325,,Rural Town,381,Rural Town,381,Dukes County,366,,0,0,,0,0,0,0,"Vineyard Haven, MA mSA",GOSNOLD,0,0,Southeastern Massachusetts,404,MVC,394,Marthas Vineyard Commission,MVC,Marthas Vineyard Commission,394,,,,,,,
110,Grafton,2502726430,2502726430,2502726430,2502726430,2502726430,2502726430,2502726430,2502726430,2502726430,2502726430,2502726430,2502726430,2502726430,2502726430,2502726430,2502726430,2502726430,2502726430,2502726430,,Maturing New England Town,387,Developing Suburb,377,Worcester County,376,"Boston-Worcester-Providence, MA-RI-NH-CT CSA",0,1,Commuter Rail,1,0,0,0,"Worcester, MA-CT MSA",GRAFTON,0,0,Central Massachusetts,402,CMRPC,392,Central Massachusetts Regional Planning Commission,CMRPC,Central Massachusetts Regional Planning Commission,392,WRTA,Worcester Regional Transit Authority,,,,,
111,Granby,2501526535,2501526535,2501526535,2501526535,2501526535,2501526535,2501526535,2501526535,2501526535,2501526535,2501526535,2501526535,2501526535,2501526535,2501526535,2501526535,2501526535,2501526535,2501526535,,Country Suburb,388,Developing Suburb,377,Hampshire County,370,,0,0,,0,0,0,0,"Springfield, MA MSA",GRANBY,0,0,Western Massachusetts,405,PVPC,400,Pioneer Valley Planning Commission,PVPC,Pioneer Valley Planning Commission,400,PVTA,Pioneer Valley Transit Authority,,,,,
112,Granville,2501326675,2501326675,2501326675,2501326675,2501326675,2501326675,2501326675,2501326675,2501326675,2501326675,2501326675,2501326675,2501326675,2501326675,2501326675,2501326675,2501326675,2501326675,2501326675,,Rural Town,381,Rural Town,381,Hampden County,369,,0,0,,0,0,0,0,,GRANVILLE,0,0,Western Massachusetts,405,PVPC,400,Pioneer Valley Planning Commission,PVPC,Pioneer Valley Planning Commission,400,,,,,,,
113,Great Barrington,2500326815,2500326815,2500326815,2500326815,2500326815,2500326815,2500326815,2500326815,2500326815,2500326815,2500326815,2500326815,2500326815,2500326815,2500326815,2500326815,2500326815,2500326815,2500326815,,Maturing New England Town,387,Developing Suburb,377,Berkshire County,364,,0,0,,0,0,0,0,"Pittsfield, MA MSA",GREAT BARRINGTON,0,0,Western Massachusetts,405,BRPC,390,Berkshire County Regional Planning Commission,BRPC,Berkshire County Regional Planning Commission,390,BRTA,Berkshire Regional Transit Authority,,,,,
114,Greenfield,2501127100,2501127100,2501127100,2501127100,2501127100,2501127100,2501127100,2501127100,2501127100,2501127100,2501127025,2501127060,2501127060,2501127060,2501127060,2501127060,2501127025,2501127100,2501127060,,Maturing New England Town,387,Developing Suburb,377,Franklin County,368,,0,0,,0,0,0,0,"Springfield, MA MSA",GREENFIELD,0,0,Western Massachusetts,405,FRCOG,393,Franklin Regional Council of Governments,FRCOG,Franklin Regional Council of Governments,393,FRTA,Franklin Regional Transit Authority,,,,,
115,Groton,2501727480,2501727480,2501727480,2501727480,2501727480,2501727480,2501727480,2501727480,2501727480,2501727480,2501727480,2501727480,2501727480,2501727480,2501727480,2501727480,2501727480,2501727480,2501727480,West,Country Suburb,388,Developing Suburb,377,Middlesex County,371,"Boston-Worcester-Providence, MA-RI-NH-CT CSA",0,1,MBTA Adjacent,1,0,0,0,"Boston-Cambridge-Newton, MA-NH MSA",GROTON,0,1,Central Massachusetts,402,MRPC,396,Montachusett Regional Planning Commission,MRPC,Montachusett Regional Planning Commission,396,LRTA,Lowell Regional Transit Authority,,,,,
116,Groveland,2500927620,2500927620,2500927620,2500927620,2500927620,2500927620,2500927620,2500927620,2500927620,2500927620,2500927620,2500927620,2500927620,2500927620,2500927620,2500927620,2500927620,2500927620,2500927620,North,Established Suburb/Cape Cod Town,386,Maturing Suburb,379,Essex County,367,"Boston-Worcester-Providence, MA-RI-NH-CT CSA",0,1,MBTA Adjacent,1,0,0,0,"Boston-Cambridge-Newton, MA-NH MSA",GROVELAND,0,1,Northeastern Massachusetts,403,MVPC,395,Merrimack Valley Planning Commission,MVPC,Merrimack Valley Planning Commission,395,MVRTA,Merrimack Valley Regional Transit Authority,,,,,
117,Hadley,2501527690,2501527690,2501527690,2501527690,2501527690,2501527690,2501527690,2501527690,2501527690,2501527690,2501527690,2501527690,2501527690,2501527690,2501527690,2501527690,2501527690,2501527690,2501527690,,Maturing New England Town,387,Developing Suburb,377,Hampshire County,370,,0,0,,0,0,0,0,"Springfield, MA MSA",HADLEY,0,0,Western Massachusetts,405,PVPC,400,Pioneer Valley Planning Commission,PVPC,Pioneer Valley Planning Commission,400,PVTA,Pioneer Valley Transit Authority,,,,,
118,Halifax,2502327795,2502327795,2502327795,2502327795,2502327795,2502327795,2502327795,2502327795,2502327795,2502327795,2502327795,2502327795,2502327795,2502327795,2502327795,2502327795,2502327795,2502327795,2502327795,South,Maturing New England Town,387,Developing Suburb,377,Plymouth County,374,"Boston-Worcester-Providence, MA-RI-NH-CT CSA",0,1,Commuter Rail,1,0,0,0,"Boston-Cambridge-Newton, MA-NH MSA",HALIFAX,0,1,Southeastern Massachusetts,404,OCPC,399,Old Colony Planning Council,OCPC,Old Colony Planning Council,399,,,,,,,
119,Hamilton,2500927900,2500927900,2500927900,2500927900,2500927900,2500927900,2500927900,2500927900,2500927900,2500927900,2500927900,2500927900,2500927900,2500927900,2500927900,2500927900,2500927900,2500927900,2500927900,North,Maturing New England Town,387,Developing Suburb,377,Essex County,367,"Boston-Worcester-Providence, MA-RI-NH-CT CSA",1,1,Commuter Rail,0,0,1,0,"Boston-Cambridge-Newton, MA-NH MSA",HAMILTON,1,1,MAPC,352,MAPC,352,Metropolitan Area Planning Council,MAPC,Metropolitan Area Planning Council,352,CATA,Cape Ann Transportation Authority,NSTF,,359,North Suburban (NSPC) Subregion,North Shore Task Force Subregion (NSTF)
120,Hampden,2501328075,2501328075,2501328075,2501328075,2501328075,2501328075,2501328075,2501328075,2501328075,2501328075,2501328075,2501328075,2501328075,2501328075,2501328075,2501328075,2501328075,2501328075,2501328075,,Country Suburb,388,Developing Suburb,377,Hampden County,369,,0,0,,0,0,0,0,,HAMPDEN,0,0,Western Massachusetts,405,PVPC,400,Pioneer Valley Planning Commission,PVPC,Pioneer Valley Planning Commission,400,PVTA,Pioneer Valley Transit Authority,,,,,
121,Hancock,2500328180,2500328180,2500328180,2500328180,2500328180,2500328180,2500328180,2500328180,2500328180,2500328180,2500328180,2500328180,2500328180,2500328180,2500328180,2500328180,2500328180,2500328180,2500328180,,Rural Town,381,Rural Town,381,Berkshire County,364,,0,0,,0,0,0,0,"Pittsfield, MA MSA",HANCOCK,0,0,Western Massachusetts,405,BRPC,390,Berkshire County Regional Planning Commission,BRPC,Berkshire County Regional Planning Commission,390,,,,,,,
122,Hanover,2502328285,2502328285,2502328285,2502328285,2502328285,2502328285,2502328285,2502328285,2502328285,2502328285,2502328285,2502328285,2502328285,2502328285,2502328285,2502328285,2502328285,2502328285,2502328285,South,Maturing New England Town,387,Developing Suburb,377,Plymouth County,374,"Boston-Worcester-Providence, MA-RI-NH-CT CSA",1,1,MBTA Adjacent,1,0,0,0,"Boston-Cambridge-Newton, MA-NH MSA",HANOVER,0,1,MAPC,352,MAPC,352,Metropolitan Area Planning Council,OCPC,Old Colony Planning Council,399,GATRA,Greater Attleboro Taunton Regional Transit Authority,SSC,,360,South Shore (SSC) Subregion,South Shore Coalition Subregion (SSC)
123,Hanson,2502328495,2502328495,2502328495,2502328495,2502328495,2502328495,2502328495,2502328495,2502328495,2502328495,2502328495,2502328495,2502328495,2502328495,2502328495,2502328495,2502328495,2502328495,2502328495,South,Maturing New England Town,387,Developing Suburb,377,Plymouth County,374,"Boston-Worcester-Providence, MA-RI-NH-CT CSA",0,1,Commuter Rail,1,0,0,0,"Boston-Cambridge-Newton, MA-NH MSA",HANSON,0,1,Southeastern Massachusetts,404,OCPC,399,Old Colony Planning Council,OCPC,Old Colony Planning Council,399,BAT,Brockton Area Transit Authority,,,,,
124,Hardwick,2502728740,2502728740,2502728740,2502728740,2502728740,2502728740,2502728740,2502728740,2502728740,2502728740,2502728740,2502728740,2502728740,2502728740,2502728740,2502728740,2502728740,2502728740,2502728740,,Rural Town,381,Rural Town,381,Worcester County,376,"Boston-Worcester-Providence, MA-RI-NH-CT CSA",0,0,,0,0,0,0,"Worcester, MA-CT MSA",HARDWICK,0,0,Central Massachusetts,402,CMRPC,392,Central Massachusetts Regional Planning Commission,CMRPC,Central Massachusetts Regional Planning Commission,392,MART,Montachusett Regional Transit Authority,,,,,
125,Harvard,2502728950,2502728950,2502728950,2502728950,2502728950,2502728950,2502728950,2502728950,2502728950,2502728950,2502728950,2502728950,2502728950,2502728950,2502728950,2502728950,2502728950,2502728950,2502728950,West,Country Suburb,388,Developing Suburb,377,Worcester County,376,"Boston-Worcester-Providence, MA-RI-NH-CT CSA",0,1,MBTA Adjacent,1,0,0,0,"Worcester, MA-CT MSA",HARVARD,0,1,Central Massachusetts,402,MRPC,396,Montachusett Regional Planning Commission,MRPC,Montachusett Regional Planning Commission,396,MART,Montachusett Regional Transit Authority,,,,,
126,Harwich,2500129020,2500129020,2500129020,2500129020,2500129020,2500129020,2500129020,2500129020,2500129020,2500129020,2500129020,2500129020,2500129020,2500129020,2500129020,2500129020,2500129020,2500129020,2500129020,,Maturing New England Town,387,Developing Suburb,377,Barnstable County,363,"Boston-Worcester-Providence, MA-RI-NH-CT CSA",0,0,,0,0,0,0,"Barnstable Town, MA MSA",HARWICH,0,0,Southeastern Massachusetts,404,CCC,391,Cape Cod Planning & Economic Development Commission,CCC,Cape Cod Planning & Economic Development Commission,391,CCRTA,Cape Cod Regional Transit Authority,,,,,
127,Hatfield,2501529265,2501529265,2501529265,2501529265,2501529265,2501529265,2501529265,2501529265,2501529265,2501529265,2501529265,2501529265,2501529265,2501529265,2501529265,2501529265,2501529265,2501529265,2501529265,,Country Suburb,388,Developing Suburb,377,Hampshire County,370,,0,0,,0,0,0,0,"Springfield, MA MSA",HATFIELD,0,0,Western Massachusetts,405,PVPC,400,Pioneer Valley Planning Commission,PVPC,Pioneer Valley Planning Commission,400,FRTA,Franklin Regional Transit Authority,,,,,
128,Haverhill,2500929405,2500929405,2500929405,2500929405,2500929405,2500929405,2500929405,2500929405,2500929405,2500929405,2500929405,2500929405,2500929405,2500929405,2500929405,2500929405,2500929405,2500929405,2500929405,North,Sub-Regional Urban Center,383,Regional Urban Center,380,Essex County,367,"Boston-Worcester-Providence, MA-RI-NH-CT CSA",0,1,Commuter Rail,1,0,0,0,"Boston-Cambridge-Newton, MA-NH MSA",HAVERHILL,0,1,Northeastern Massachusetts,403,MVPC,395,Merrimack Valley Planning Commission,MVPC,Merrimack Valley Planning Commission,395,MVRTA,Merrimack Valley Regional Transit Authority,,,,,
129,Hawley,2501129475,2501129475,2501129475,2501129475,2501129475,2501129475,2501129475,2501129475,2501129475,2501129475,2501129475,2501129475,2501129475,2501129475,2501129475,2501129475,2501129475,2501129475,2501129475,,Rural Town,381,Rural Town,381,Franklin County,368,,0,0,,0,0,0,0,"Springfield, MA MSA",HAWLEY,0,0,Western Massachusetts,405,FRCOG,393,Franklin Regional Council of Governments,FRCOG,Franklin Regional Council of Governments,393,FRTA,Franklin Regional Transit Authority,,,,,
130,Heath,2501129650,2501129650,2501129650,2501129650,2501129650,2501129650,2501129650,2501129650,2501129650,2501129650,2501129650,2501129650,2501129650,2501129650,2501129650,2501129650,2501129650,2501129650,2501129650,,Rural Town,381,Rural Town,381,Franklin County,368,,0,0,,0,0,0,0,"Springfield, MA MSA",HEATH,0,0,Western Massachusetts,405,FRCOG,393,Franklin Regional Council of Governments,FRCOG,Franklin Regional Council of Governments,393,FRTA,Franklin Regional Transit Authority,,,,,
131,Hingham,2502330210,2502330210,2502330210,2502330210,2502330210,2502330210,2502330210,2502330210,2502330210,2502330210,2502330210,2502330210,2502330210,2502330210,2502330210,2502330210,2502330210,2502330210,2502330210,South,Established Suburb/Cape Cod Town,386,Maturing Suburb,379,Plymouth County,374,"Boston-Worcester-Providence, MA-RI-NH-CT CSA",1,1,Bus,0,0,1,0,"Boston-Cambridge-Newton, MA-NH MSA",HINGHAM,0,1,MAPC,352,MAPC,352,Metropolitan Area Planning Council,MAPC,Metropolitan Area Planning Council,352,,,SSC,,360,South Shore (SSC) Subregion,South Shore Coalition Subregion (SSC)
132,Hinsdale,2500330315,2500330315,2500330315,2500330315,2500330315,2500330315,2500330315,2500330315,2500330315,2500330315,2500330315,2500330315,2500330315,2500330315,2500330315,2500330315,2500330315,2500330315,2500330315,,Rural Town,381,Rural Town,381,Berkshire County,364,,0,0,,0,0,0,0,"Pittsfield, MA MSA",HINSDALE,0,0,Western Massachusetts,405,BRPC,390,Berkshire County Regional Planning Commission,BRPC,Berkshire County Regional Planning Commission,390,BRTA,Berkshire Regional Transit Authority,,,,,
133,Holbrook,2502130455,2502130455,2502130455,2502130455,2502130455,2502130455,2502130455,2502130455,2502130455,2502130455,2502130455,2502130455,2502130455,2502130455,2502130455,2502130455,2502130455,2502130455,2502130455,South,Mature Suburb,385,Maturing Suburb,379,Norfolk County,373,"Boston-Worcester-Providence, MA-RI-NH-CT CSA",1,1,Bus,0,0,1,0,"Boston-Cambridge-Newton, MA-NH MSA",HOLBROOK,0,1,MAPC,352,MAPC,352,Metropolitan Area Planning Council,MAPC,Metropolitan Area Planning Council,352,,,SSC,,360,South Shore (SSC) Subregion,South Shore Coalition Subregion (SSC)
134,Holden,2502730560,2502730560,2502730560,2502730560,2502730560,2502730560,2502730560,2502730560,2502730560,2502730560,2502730560,2502730560,2502730560,2502730560,2502730560,2502730560,2502730560,2502730560,2502730560,,Maturing New England Town,387,Developing Suburb,377,Worcester County,376,"Boston-Worcester-Providence, MA-RI-NH-CT CSA",0,1,MBTA Adjacent,1,0,0,0,"Worcester, MA-CT MSA",HOLDEN,0,0,Central Massachusetts,402,CMRPC,392,Central Massachusetts Regional Planning Commission,CMRPC,Central Massachusetts Regional Planning Commission,392,WRTA,Worcester Regional Transit Authority,,,,,
135,Holland,2501330665,2501330665,2501330665,2501330665,2501330665,2501330665,2501330665,2501330665,2501330665,2501330665,2501330665,2501330665,2501330665,2501330665,2501330665,2501330665,2501330665,2501330665,2501330665,,Maturing New England Town,387,Developing Suburb,377,Hampden County,369,,0,0,,0,0,0,0,,HOLLAND,0,0,Western Massachusetts,405,PVPC,400,Pioneer Valley Planning Commission,PVPC,Pioneer Valley Planning Commission,400,WRTA,Worcester Regional Transit Authority,,,,,
136,Holliston,2501730700,2501730700,2501730700,2501730700,2501730700,2501730700,2501730700,2501730700,2501730700,2501730700,2501730700,2501730700,2501730700,2501730700,2501730700,2501730700,2501730700,2501730700,2501730700,West,Maturing New England Town,387,Developing Suburb,377,Middlesex County,371,"Boston-Worcester-Providence, MA-RI-NH-CT CSA",1,1,MBTA Adjacent,1,0,0,0,"Boston-Cambridge-Newton, MA-NH MSA",HOLLISTON,0,1,MAPC,352,MAPC,352,Metropolitan Area Planning Council,MAPC,Metropolitan Area Planning Council,352,MWRTA,MetroWest Regional Transit Authority,MWRC,,357,Metrowest Subregion,MetroWest Regional Collaborative Subregion (MWRC)
137,Holyoke,2501330840,2501330840,2501330840,2501330840,2501330840,2501330840,2501330840,2501330840,2501330840,2501330840,2501330840,2501330840,2501330840,2501330840,2501330840,2501330840,2501330840,2501330840,2501330840,,Sub-Regional Urban Center,383,Regional Urban Center,380,Hampden County,369,,0,0,,0,0,0,0,,HOLYOKE,0,0,Western Massachusetts,405,PVPC,400,Pioneer Valley Planning Commission,PVPC,Pioneer Valley Planning Commission,400,PVTA,Pioneer Valley Transit Authority,,,,,
138,Hopedale,2502730945,2502730945,2502730945,2502730945,2502730945,2502730945,2502730945,2502730945,2502730945,2502730945,2502730945,2502730945,2502730945,2502730945,2502730945,2502730945,2502730945,2502730945,2502730945,,Maturing New England Town,387,Developing Suburb,377,Worcester County,376,"Boston-Worcester-Providence, MA-RI-NH-CT CSA",0,0,,0,0,0,0,"Worcester, MA-CT MSA",HOPEDALE,0,1,Central Massachusetts,402,CMRPC,392,Central Massachusetts Regional Planning Commission,CMRPC,Central Massachusetts Regional Planning Commission,392,MWRTA,MetroWest Regional Transit Authority,,,,,
139,Hopkinton,2501731085,2501731085,2501731085,2501731085,2501731085,2501731085,2501731085,2501731085,2501731085,2501731085,2501731085,2501731085,2501731085,2501731085,2501731085,2501731085,2501731085,2501731085,2501731085,West,Country Suburb,388,Developing Suburb,377,Middlesex County,371,"Boston-Worcester-Providence, MA-RI-NH-CT CSA",1,1,Commuter Rail,1,0,0,0,"Boston-Cambridge-Newton, MA-NH MSA",HOPKINTON,0,1,MAPC,352,MAPC,352,Metropolitan Area Planning Council,MAPC,Metropolitan Area Planning Council,352,MWRTA,MetroWest Regional Transit Authority,SWAP,,361,South West (SWAP) Subregion,SouthWest Advisory Planning Committee Subregion (SWAP)
140,Hubbardston,2502731435,2502731435,2502731435,2502731435,2502731435,2502731435,2502731435,2502731435,2502731435,2502731435,2502731435,2502731435,2502731435,2502731435,2502731435,2502731435,2502731435,2502731435,2502731435,,Rural Town,381,Rural Town,381,Worcester County,376,"Boston-Worcester-Providence, MA-RI-NH-CT CSA",0,0,,0,0,0,0,"Worcester, MA-CT MSA",HUBBARDSTON,0,0,Central Massachusetts,402,MRPC,396,Montachusett Regional Planning Commission,MRPC,Montachusett Regional Planning Commission,396,MART,Montachusett Regional Transit Authority,,,,,
141,Hudson,2501731540,2501731540,2501731540,2501731540,2501731540,2501731540,2501731540,2501731540,2501731540,2501731540,2501731540,2501731540,2501731540,2501731540,2501731540,2501731540,2501731540,2501731540,2501731540,West,Maturing New England Town,387,Developing Suburb,377,Middlesex County,371,"Boston-Worcester-Providence, MA-RI-NH-CT CSA",1,0,,0,0,0,0,"Boston-Cambridge-Newton, MA-NH MSA",HUDSON,0,1,MAPC,352,MAPC,352,Metropolitan Area Planning Council,MAPC,Metropolitan Area Planning Council,352,MWRTA,MetroWest Regional Transit Authority,MAGIC,,356,MAGIC Subregion,Minuteman Advisory Group on Interlocal Coordination Subregion (MAGIC)
142,Hull,2502331645,2502331645,2502331645,2502331645,2502331645,2502331645,2502331645,2502331645,2502331645,2502331645,2502331645,2502331645,2502331645,2502331645,2502331645,2502331645,2502331645,2502331645,2502331645,South,Mature Suburb,385,Maturing Suburb,379,Plymouth County,374,"Boston-Worcester-Providence, MA-RI-NH-CT CSA",1,1,Bus,0,0,1,0,"Boston-Cambridge-Newton, MA-NH MSA",HULL,0,1,MAPC,352,MAPC,352,Metropolitan Area Planning Council,MAPC,Metropolitan Area Planning Council,352,,,SSC,,360,South Shore (SSC) Subregion,South Shore Coalition Subregion (SSC)
143,Huntington,2501531785,2501531785,2501531785,2501531785,2501531785,2501531785,2501531785,2501531785,2501531785,2501531785,2501531785,2501531785,2501531785,2501531785,2501531785,2501531785,2501531785,2501531785,2501531785,,Rural Town,381,Rural Town,381,Hampshire County,370,,0,0,,0,0,0,0,"Springfield, MA MSA",HUNTINGTON,0,0,Western Massachusetts,405,PVPC,400,Pioneer Valley Planning Commission,PVPC,Pioneer Valley Planning Commission,400,FRTA,Franklin Regional Transit Authority,,,,,
144,Ipswich,2500932310,2500932310,2500932310,2500932310,2500932310,2500932310,2500932310,2500932310,2500932310,2500932310,2500932310,2500932310,2500932310,2500932310,2500932310,2500932310,2500932310,2500932310,2500932310,North,Maturing New England Town,387,Developing Suburb,377,Essex County,367,"Boston-Worcester-Providence, MA-RI-NH-CT CSA",1,1,Commuter Rail,1,0,0,0,"Boston-Cambridge-Newton, MA-NH MSA",IPSWICH,1,1,MAPC,352,MAPC,352,Metropolitan Area Planning Council,MAPC,Metropolitan Area Planning Council,352,CATA,Cape Ann Transportation Authority,NSTF,,359,North Suburban (NSPC) Subregion,North Shore Task Force Subregion (NSTF)
145,Kingston,2502333220,2502333220,2502333220,2502333220,2502333220,2502333220,2502333220,2502333220,2502333220,2502333220,2502333220,2502333220,2502333220,2502333220,2502333220,2502333220,2502333220,2502333220,2502333220,South,Maturing New England Town,387,Developing Suburb,377,Plymouth County,374,"Boston-Worcester-Providence, MA-RI-NH-CT CSA",0,1,Commuter Rail,1,0,0,0,"Boston-Cambridge-Newton, MA-NH MSA",KINGSTON,0,1,Southeastern Massachusetts,404,OCPC,399,Old Colony Planning Council,OCPC,Old Colony Planning Council,399,GATRA,Greater Attleboro Taunton Regional Transit Authority,,,,,
146,Lakeville,2502333920,2502333920,2502333920,2502333920,2502333920,2502333920,2502333920,2502333920,2502333920,2502333920,2502333920,2502333920,2502333920,2502333920,2502333920,2502333920,2502333920,2502333920,2502333920,South,Maturing New England Town,387,Developing Suburb,377,Plymouth County,374,"Boston-Worcester-Providence, MA-RI-NH-CT CSA",0,1,Commuter Rail,1,0,0,0,"Boston-Cambridge-Newton, MA-NH MSA",LAKEVILLE,0,1,Southeastern Massachusetts,404,SRPEDD,401,Southeastern Regional Planning & Economic Development District,SRPEDD,Southeastern Regional Planning & Economic Development District,401,GATRA,Greater Attleboro Taunton Regional Transit Authority,,,,,
147,Lancaster,2502734165,2502734165,2502734165,2502734165,2502734165,2502734165,2502734165,2502734165,2502734165,2502734165,2502734165,2502734165,2502734165,2502734165,2502734165,2502734165,2502734165,2502734165,2502734165,,Maturing New England Town,387,Developing Suburb,377,Worcester County,376,"Boston-Worcester-Providence, MA-RI-NH-CT CSA",0,1,MBTA Adjacent,1,0,0,0,"Worcester, MA-CT MSA",LANCASTER,0,1,Central Massachusetts,402,MRPC,396,Montachusett Regional Planning Commission,MRPC,Montachusett Regional Planning Commission,396,MART,Montachusett Regional Transit Authority,,,,,
148,Lanesborough,2500334340,2500334340,2500334340,2500334340,2500334340,2500334340,2500334340,2500334340,2500334340,2500334340,2500334340,2500334340,2500334340,2500334340,2500334340,2500334340,2500334340,2500334340,2500334340,,Rural Town,381,Rural Town,381,Berkshire County,364,,0,0,,0,0,0,0,"Pittsfield, MA MSA",LANESBOROUGH,0,0,Western Massachusetts,405,BRPC,390,Berkshire County Regional Planning Commission,BRPC,Berkshire County Regional Planning Commission,390,BRTA,Berkshire Regional Transit Authority,,,,,
149,Lawrence,2500934550,2500934550,2500934550,2500934550,2500934550,2500934550,2500934550,2500934550,2500934550,2500934550,2500934550,2500934550,2500934550,2500934550,2500934550,2500934550,2500934550,2500934550,2500934550,North,Major Regional Urban Center,389,Regional Urban Center,380,Essex County,367,"Boston-Worcester-Providence, MA-RI-NH-CT CSA",0,1,Commuter Rail,1,0,0,0,"Boston-Cambridge-Newton, MA-NH MSA",LAWRENCE,0,1,Northeastern Massachusetts,403,MVPC,395,Merrimack Valley Planning Commission,MVPC,Merrimack Valley Planning Commission,395,MVRTA,Merrimack Valley Regional Transit Authority,,,,,
150,Lee,2500334655,2500334655,2500334655,2500334655,2500334655,2500334655,2500334655,2500334655,2500334655,2500334655,2500334655,2500334655,2500334655,2500334655,2500334655,2500334655,2500334655,2500334655,2500334655,,Maturing New England Town,387,Developing Suburb,377,Berkshire County,364,,0,0,,0,0,0,0,"Pittsfield, MA MSA",LEE,0,0,Western Massachusetts,405,BRPC,390,Berkshire County Regional Planning Commission,BRPC,Berkshire County Regional Planning Commission,390,BRTA,Berkshire Regional Transit Authority,,,,,
151,Leicester,2502734795,2502734795,2502734795,2502734795,2502734795,2502734795,2502734795,2502734795,2502734795,2502734795,2502734795,2502734795,2502734795,2502734795,2502734795,2502734795,2502734795,2502734795,2502734795,,Maturing New England Town,387,Developing Suburb,377,Worcester County,376,"Boston-Worcester-Providence, MA-RI-NH-CT CSA",0,1,MBTA Adjacent,1,0,0,0,"Worcester, MA-CT MSA",LEICESTER,0,0,Central Massachusetts,402,CMRPC,392,Central Massachusetts Regional Planning Commission,CMRPC,Central Massachusetts Regional Planning Commission,392,WRTA,Worcester Regional Transit Authority,,,,,
152,Lenox,2500334970,2500334970,2500334970,2500334970,2500334970,2500334970,2500334970,2500334970,2500334970,2500334970,2500334970,2500334970,2500334970,2500334970,2500334970,2500334970,2500334970,2500334970,2500334970,,Maturing New England Town,387,Developing Suburb,377,Berkshire County,364,,0,0,,0,0,0,0,"Pittsfield, MA MSA",LENOX,0,0,Western Massachusetts,405,BRPC,390,Berkshire County Regional Planning Commission,BRPC,Berkshire County Regional Planning Commission,390,BRTA,Berkshire Regional Transit Authority,,,,,
153,Leominster,2502735075,2502735075,2502735075,2502735075,2502735075,2502735075,2502735075,2502735075,2502735075,2502735075,2502735075,2502735075,2502735075,2502735075,2502735075,2502735075,2502735075,2502735075,2502735075,,Sub-Regional Urban Center,383,Regional Urban Center,380,Worcester County,376,"Boston-Worcester-Providence, MA-RI-NH-CT CSA",0,1,Commuter Rail,1,0,0,0,"Worcester, MA-CT MSA",LEOMINSTER,0,0,Central Massachusetts,402,MRPC,396,Montachusett Regional Planning Commission,MRPC,Montachusett Regional Planning Commission,396,MART,Montachusett Regional Transit Authority,,,,,
154,Leverett,2501135180,2501135180,2501135180,2501135180,2501135180,2501135180,2501135180,2501135180,2501135180,2501135180,2501135180,2501135180,2501135180,2501135180,2501135180,2501135180,2501135180,2501135180,2501135180,,Rural Town,381,Rural Town,381,Franklin County,368,,0,0,,0,0,0,0,"Springfield, MA MSA",LEVERETT,0,0,Western Massachusetts,405,FRCOG,393,Franklin Regional Council of Governments,FRCOG,Franklin Regional Council of Governments,393,PVTA,Pioneer Valley Transit Authority,,,,,
155,Lexington,2501735215,2501735215,2501735215,2501735215,2501735215,2501735215,2501735215,2501735215,2501735215,2501735215,2501735215,2501735215,2501735215,2501735215,2501735215,2501735215,2501735215,2501735215,2501735215,West,Established Suburb/Cape Cod Town,386,Maturing Suburb,379,Middlesex County,371,"Boston-Worcester-Providence, MA-RI-NH-CT CSA",1,1,Bus,0,0,1,0,"Boston-Cambridge-Newton, MA-NH MSA",LEXINGTON,0,1,MAPC,352,MAPC,352,Metropolitan Area Planning Council,MAPC,Metropolitan Area Planning Council,352,,,MAGIC,,356,MAGIC Subregion,Minuteman Advisory Group on Interlocal Coordination Subregion (MAGIC)
156,Leyden,2501135285,2501135285,2501135285,2501135285,2501135285,2501135285,2501135285,2501135285,2501135285,2501135285,2501135285,2501135285,2501135285,2501135285,2501135285,2501135285,2501135285,2501135285,2501135285,,Rural Town,381,Rural Town,381,Franklin County,368,,0,0,,0,0,0,0,"Springfield, MA MSA",LEYDEN,0,0,Western Massachusetts,405,FRCOG,393,Franklin Regional Council of Governments,FRCOG,Franklin Regional Council of Governments,393,FRTA,Franklin Regional Transit Authority,,,,,
157,Lincoln,2501735425,2501735425,2501735425,2501735425,2501735425,2501735425,2501735425,2501735425,2501735425,2501735425,2501735425,2501735425,2501735425,2501735425,2501735425,2501735425,2501735425,2501735425,2501735425,West,Established Suburb/Cape Cod Town,386,Maturing Suburb,379,Middlesex County,371,"Boston-Worcester-Providence, MA-RI-NH-CT CSA",1,1,Bus,0,0,1,0,"Boston-Cambridge-Newton, MA-NH MSA",LINCOLN,0,1,MAPC,352,MAPC,352,Metropolitan Area Planning Council,MAPC,Metropolitan Area Planning Council,352,,,MAGIC,,356,MAGIC Subregion,Minuteman Advisory Group on Interlocal Coordination Subregion (MAGIC)
158,Littleton,2501735950,2501735950,2501735950,2501735950,2501735950,2501735950,2501735950,2501735950,2501735950,2501735950,2501735950,2501735950,2501735950,2501735950,2501735950,2501735950,2501735950,2501735950,2501735950,West,Maturing New England Town,387,Developing Suburb,377,Middlesex County,371,"Boston-Worcester-Providence, MA-RI-NH-CT CSA",1,1,Commuter Rail,1,0,0,0,"Boston-Cambridge-Newton, MA-NH MSA",LITTLETON,0,1,MAPC,352,MAPC,352,Metropolitan Area Planning Council,MAPC,Metropolitan Area Planning Council,352,MART,Montachusett Regional Transit Authority,MAGIC,,356,MAGIC Subregion,Minuteman Advisory Group on Interlocal Coordination Subregion (MAGIC)
159,Longmeadow,2501336300,2501336300,2501336300,2501336300,2501336300,2501336300,2501336300,2501336300,2501336300,2501336300,2501336300,2501336300,2501336300,2501336300,2501336300,2501336300,2501336300,2501336300,2501336300,,Mature Suburb,385,Maturing Suburb,379,Hampden County,369,,0,0,,0,0,0,0,,LONGMEADOW,0,0,Western Massachusetts,405,PVPC,400,Pioneer Valley Planning Commission,PVPC,Pioneer Valley Planning Commission,400,PVTA,Pioneer Valley Transit Authority,,,,,
160,Lowell,2501737000,2501737000,2501737000,2501737000,2501737000,2501737000,2501737000,2501737000,2501737000,2501737000,2501737000,2501737000,2501737000,2501737000,2501737000,2501737000,2501737000,2501737000,2501737000,North,Major Regional Urban Center,389,Regional Urban Center,380,Middlesex County,371,"Boston-Worcester-Providence, MA-RI-NH-CT CSA",0,1,Commuter Rail,1,0,0,0,"Boston-Cambridge-Newton, MA-NH MSA",LOWELL,0,1,Northeastern Massachusetts,403,NMCOG,398,Northern Middlesex Council of Government,NMCOG,Northern Middlesex Council of Government,398,LRTA,Lowell Regional Transit Authority,,,,,
161,Ludlow,2501337175,2501337175,2501337175,2501337175,2501337175,2501337175,2501337175,2501337175,2501337175,2501337175,2501337175,2501337175,2501337175,2501337175,2501337175,2501337175,2501337175,2501337175,2501337175,,Maturing New England Town,387,Developing Suburb,377,Hampden County,369,,0,0,,0,0,0,0,,LUDLOW,0,0,Western Massachusetts,405,PVPC,400,Pioneer Valley Planning Commission,PVPC,Pioneer Valley Planning Commission,400,PVTA,Pioneer Valley Transit Authority,,,,,
162,Lunenburg,2502737420,2502737420,2502737420,2502737420,2502737420,2502737420,2502737420,2502737420,2502737420,2502737420,2502737420,2502737420,2502737420,2502737420,2502737420,2502737420,2502737420,2502737420,2502737420,,Country Suburb,388,Developing Suburb,377,Worcester County,376,"Boston-Worcester-Providence, MA-RI-NH-CT CSA",0,1,MBTA Adjacent,1,0,0,0,"Worcester, MA-CT MSA",LUNENBURG,0,0,Central Massachusetts,402,MRPC,396,Montachusett Regional Planning Commission,MRPC,Montachusett Regional Planning Commission,396,MART,Montachusett Regional Transit Authority,,,,,
163,Lynn,2500937490,2500937490,2500937490,2500937490,2500937490,2500937490,2500937490,2500937490,2500937490,2500937490,2500937490,2500937490,2500937490,2500937490,2500937490,2500937490,2500937490,2500937490,2500937490,North,Sub-Regional Urban Center,383,Regional Urban Center,380,Essex County,367,"Boston-Worcester-Providence, MA-RI-NH-CT CSA",1,1,Bus,0,0,1,0,"Boston-Cambridge-Newton, MA-NH MSA",LYNN,1,1,MAPC,352,MAPC,352,Metropolitan Area Planning Council,MAPC,Metropolitan Area Planning Council,352,,,ICC,,355,Inner Core (ICC) Subregion,Inner Core Committee Subregion (ICC)
164,Lynnfield,2500937560,2500937560,2500937560,2500937560,2500937560,2500937560,2500937560,2500937560,2500937560,2500937560,2500937560,2500937560,2500937560,2500937560,2500937560,2500937560,2500937560,2500937560,2500937560,North,Established Suburb/Cape Cod Town,386,Maturing Suburb,379,Essex County,367,"Boston-Worcester-Providence, MA-RI-NH-CT CSA",1,1,MBTA Adjacent,0,0,1,0,"Boston-Cambridge-Newton, MA-NH MSA",LYNNFIELD,0,1,MAPC,352,MAPC,352,Metropolitan Area Planning Council,MAPC,Metropolitan Area Planning Council,352,,,NSPC,,358,North Shore (NSTF) Subregion,North Suburban Planning Council Subregion (NSPC)
165,Malden,2501737875,2501737875,2501737875,2501737875,2501737875,2501737875,2501737875,2501737875,2501737875,2501737875,2501737875,2501737875,2501737875,2501737875,2501737875,2501737875,2501737875,2501737875,2501737875,North,Metro Core Community,382,Inner Core,378,Middlesex County,371,"Boston-Worcester-Providence, MA-RI-NH-CT CSA",1,1,Subway Or Light Rail,0,1,0,1,"Boston-Cambridge-Newton, MA-NH MSA",MALDEN,0,1,MAPC,352,MAPC,352,Metropolitan Area Planning Council,MAPC,Metropolitan Area Planning Council,352,,,ICC,,355,Inner Core (ICC) Subregion,Inner Core Committee Subregion (ICC)
166,Manchester-by-the-Sea,2500937995,2500937995,2500937995,2500937995,2500937995,2500937995,2500937995,2500937995,2500937995,2500937995,2500937995,2500937995,2500937995,2500937995,2500937995,2500937995,2500937995,2500937995,2500937995,North,Maturing New England Town,387,Developing Suburb,377,Essex County,367,"Boston-Worcester-Providence, MA-RI-NH-CT CSA",1,1,Commuter Rail,0,0,1,0,"Boston-Cambridge-Newton, MA-NH MSA",MANCHESTER-BY-THE-SEA,1,1,MAPC,352,MAPC,352,Metropolitan Area Planning Council,MAPC,Metropolitan Area Planning Council,352,,,NSTF,,359,North Suburban (NSPC) Subregion,North Shore Task Force Subregion (NSTF)
167,Mansfield,2500538225,2500538225,2500538225,2500538225,2500538225,2500538225,2500538225,2500538225,2500538225,2500538225,2500538225,2500538225,2500538225,2500538225,2500538225,2500538225,2500538225,2500538225,2500538225,South,Established Suburb/Cape Cod Town,386,Maturing Suburb,379,Bristol County,365,"Boston-Worcester-Providence, MA-RI-NH-CT CSA",0,1,Commuter Rail,1,0,0,0,"Providence-Warwick, RI-MA MSA",MANSFIELD,0,1,Southeastern Massachusetts,404,SRPEDD,401,Southeastern Regional Planning & Economic Development District,SRPEDD,Southeastern Regional Planning & Economic Development District,401,GATRA,Greater Attleboro Taunton Regional Transit Authority,,,,,
168,Marblehead,2500938400,2500938400,2500938400,2500938400,2500938400,2500938400,2500938400,2500938400,2500938400,2500938400,2500938400,2500938400,2500938400,2500938400,2500938400,2500938400,2500938400,2500938400,2500938400,North,Mature Suburb,385,Maturing Suburb,379,Essex County,367,"Boston-Worcester-Providence, MA-RI-NH-CT CSA",1,1,Bus,0,0,1,0,"Boston-Cambridge-Newton, MA-NH MSA",MARBLEHEAD,1,1,MAPC,352,MAPC,352,Metropolitan Area Planning Council,MAPC,Metropolitan Area Planning Council,352,,,NSTF,,359,North Suburban (NSPC) Subregion,North Shore Task Force Subregion (NSTF)
169,Marion,2502338540,2502338540,2502338540,2502338540,2502338540,2502338540,2502338540,2502338540,2502338540,2502338540,2502338540,2502338540,2502338540,2502338540,2502338540,2502338540,2502338540,2502338540,2502338540,South,Maturing New England Town,387,Developing Suburb,377,Plymouth County,374,"Boston-Worcester-Providence, MA-RI-NH-CT CSA",0,0,,0,0,0,0,"Boston-Cambridge-Newton, MA-NH MSA",MARION,0,0,Southeastern Massachusetts,404,SRPEDD,401,Southeastern Regional Planning & Economic Development District,SRPEDD,Southeastern Regional Planning & Economic Development District,401,,,,,,,
170,Marlborough,2501738715,2501738715,2501738715,2501738715,2501738715,2501738715,2501738715,2501738715,2501738715,2501738715,2501738715,2501738715,2501738715,2501738715,2501738715,2501738715,2501738715,2501738715,2501738715,West,Sub-Regional Urban Center,383,Regional Urban Center,380,Middlesex County,371,"Boston-Worcester-Providence, MA-RI-NH-CT CSA",1,1,MBTA Adjacent,1,0,0,0,"Boston-Cambridge-Newton, MA-NH MSA",MARLBOROUGH,0,1,MAPC,352,MAPC,352,Metropolitan Area Planning Council,MAPC,Metropolitan Area Planning Council,352,MWRTA,MetroWest Regional Transit Authority,MWRC,,357,Metrowest Subregion,MetroWest Regional Collaborative Subregion (MWRC)
171,Marshfield,2502338855,2502338855,2502338855,2502338855,2502338855,2502338855,2502338855,2502338855,2502338855,2502338855,2502338855,2502338855,2502338855,2502338855,2502338855,2502338855,2502338855,2502338855,2502338855,South,Established Suburb/Cape Cod Town,386,Maturing Suburb,379,Plymouth County,374,"Boston-Worcester-Providence, MA-RI-NH-CT CSA",1,1,MBTA Adjacent,1,0,0,0,"Boston-Cambridge-Newton, MA-NH MSA",MARSHFIELD,0,1,MAPC,352,MAPC,352,Metropolitan Area Planning Council,MAPC,Metropolitan Area Planning Council,352,GATRA,Greater Attleboro Taunton Regional Transit Authority,SSC,,360,South Shore (SSC) Subregion,South Shore Coalition Subregion (SSC)
172,Mashpee,2500139100,2500139100,2500139100,2500139100,2500139100,2500139100,2500139100,2500139100,2500139100,2500139100,2500139100,2500139100,2500139100,2500139100,2500139100,2500139100,2500139100,2500139100,2500139100,,Established Suburb/Cape Cod Town,386,Maturing Suburb,379,Barnstable County,363,"Boston-Worcester-Providence, MA-RI-NH-CT CSA",0,0,,0,0,0,0,"Barnstable Town, MA MSA",MASHPEE,0,0,Southeastern Massachusetts,404,CCC,391,Cape Cod Planning & Economic Development Commission,CCC,Cape Cod Planning & Economic Development Commission,391,CCRTA,Cape Cod Regional Transit Authority,,,,,
173,Mattapoisett,2502339450,2502339450,2502339450,2502339450,2502339450,2502339450,2502339450,2502339450,2502339450,2502339450,2502339450,2502339450,2502339450,2502339450,2502339450,2502339450,2502339450,2502339450,2502339450,South,Maturing New England Town,387,Developing Suburb,377,Plymouth County,374,"Boston-Worcester-Providence, MA-RI-NH-CT CSA",0,0,,0,0,0,0,"Boston-Cambridge-Newton, MA-NH MSA",MATTAPOISETT,0,0,Southeastern Massachusetts,404,SRPEDD,401,Southeastern Regional Planning & Economic Development District,SRPEDD,Southeastern Regional Planning & Economic Development District,401,SRTA,Southeastern Regional Transit Authority,,,,,
174,Maynard,2501739625,2501739625,2501739625,2501739625,2501739625,2501739625,2501739625,2501739625,2501739625,2501739625,2501739625,2501739625,2501739625,2501739625,2501739625,2501739625,2501739625,2501739625,2501739625,West,Mature Suburb,385,Maturing Suburb,379,Middlesex County,371,"Boston-Worcester-Providence, MA-RI-NH-CT CSA",1,1,MBTA Adjacent,1,0,0,0,"Boston-Cambridge-Newton, MA-NH MSA",MAYNARD,0,1,MAPC,352,MAPC,352,Metropolitan Area Planning Council,MAPC,Metropolitan Area Planning Council,352,LRTA,Lowell Regional Transit Authority,MAGIC,,356,MAGIC Subregion,Minuteman Advisory Group on Interlocal Coordination Subregion (MAGIC)
175,Medfield,2502139765,2502139765,2502139765,2502139765,2502139765,2502139765,2502139765,2502139765,2502139765,2502139765,2502139765,2502139765,2502139765,2502139765,2502139765,2502139765,2502139765,2502139765,2502139765,West,Established Suburb/Cape Cod Town,386,Maturing Suburb,379,Norfolk County,373,"Boston-Worcester-Providence, MA-RI-NH-CT CSA",1,1,MBTA Adjacent,0,0,1,0,"Boston-Cambridge-Newton, MA-NH MSA",MEDFIELD,0,1,MAPC,352,MAPC,352,Metropolitan Area Planning Council,MAPC,Metropolitan Area Planning Council,352,,,TRIC,,362,Three Rivers (TRIC) Subregion,Three Rivers Interlocal Council Subregion (TRIC)
176,Medford,2501739835,2501739835,2501739835,2501739835,2501739835,2501739835,2501739835,2501739835,2501739835,2501739835,2501739835,2501739835,2501739835,2501739835,2501739835,2501739835,2501739835,2501739835,2501739835,North,Streetcar Suburb,384,Inner Core,378,Middlesex County,371,"Boston-Worcester-Providence, MA-RI-NH-CT CSA",1,1,Subway Or Light Rail,0,1,0,1,"Boston-Cambridge-Newton, MA-NH MSA",MEDFORD,0,1,MAPC,352,MAPC,352,Metropolitan Area Planning Council,MAPC,Metropolitan Area Planning Council,352,,,ICC,,355,Inner Core (ICC) Subregion,Inner Core Committee Subregion (ICC)
177,Medway,2502139975,2502139975,2502139975,2502139975,2502139975,2502139975,2502139975,2502139975,2502139975,2502139975,2502139975,2502139975,2502139975,2502139975,2502139975,2502139975,2502139975,2502139975,2502139975,West,Maturing New England Town,387,Developing Suburb,377,Norfolk County,373,"Boston-Worcester-Providence, MA-RI-NH-CT CSA",1,1,MBTA Adjacent,1,0,0,0,"Boston-Cambridge-Newton, MA-NH MSA",MEDWAY,0,1,MAPC,352,MAPC,352,Metropolitan Area Planning Council,MAPC,Metropolitan Area Planning Council,352,GATRA,Greater Attleboro Taunton Regional Transit Authority,SWAP,,361,South West (SWAP) Subregion,SouthWest Advisory Planning Committee Subregion (SWAP)
178,Melrose,2501740115,2501740115,2501740115,2501740115,2501740115,2501740115,2501740115,2501740115,2501740115,2501740115,2501740115,2501740115,2501740115,2501740115,2501740115,2501740115,2501740115,2501740115,2501740115,North,Streetcar Suburb,384,Inner Core,378,Middlesex County,371,"Boston-Worcester-Providence, MA-RI-NH-CT CSA",1,1,Subway Or Light Rail,0,0,1,1,"Boston-Cambridge-Newton, MA-NH MSA",MELROSE,0,1,MAPC,352,MAPC,352,Metropolitan Area Planning Council,MAPC,Metropolitan Area Planning Council,352,,,ICC,,355,Inner Core (ICC) Subregion,Inner Core Committee Subregion (ICC)
179,Mendon,2502740255,2502740255,2502740255,2502740255,2502740255,2502740255,2502740255,2502740255,2502740255,2502740255,2502740255,2502740255,2502740255,2502740255,2502740255,2502740255,2502740255,2502740255,2502740255,,Country Suburb,388,Developing Suburb,377,Worcester County,376,"Boston-Worcester-Providence, MA-RI-NH-CT CSA",0,0,,0,0,0,0,"Worcester, MA-CT MSA",MENDON,0,1,Central Massachusetts,402,CMRPC,392,Central Massachusetts Regional Planning Commission,CMRPC,Central Massachusetts Regional Planning Commission,392,,,,,,,
180,Merrimac,2500940430,2500940430,2500940430,2500940430,2500940430,2500940430,2500940430,2500940430,2500940430,2500940430,2500940430,2500940430,2500940430,2500940430,2500940430,2500940430,2500940430,2500940430,2500940430,North,Maturing New England Town,387,Developing Suburb,377,Essex County,367,"Boston-Worcester-Providence, MA-RI-NH-CT CSA",0,1,MBTA Adjacent,1,0,0,0,"Boston-Cambridge-Newton, MA-NH MSA",MERRIMAC,0,1,Northeastern Massachusetts,403,MVPC,395,Merrimack Valley Planning Commission,MVPC,Merrimack Valley Planning Commission,395,MVRTA,Merrimack Valley Regional Transit Authority,,,,,
181,Methuen,2500940710,2500940710,2500940710,2500940710,2500940710,2500940710,2500940710,2500940710,2500940710,2500940710,2500940710,2500940710,2500940710,2500940710,2500940710,2500940675,2500940710,2500940710,2500940710,North,Sub-Regional Urban Center,383,Regional Urban Center,380,Essex County,367,"Boston-Worcester-Providence, MA-RI-NH-CT CSA",0,1,MBTA Adjacent,1,0,0,0,"Boston-Cambridge-Newton, MA-NH MSA",METHUEN,0,1,Northeastern Massachusetts,403,MVPC,395,Merrimack Valley Planning Commission,MVPC,Merrimack Valley Planning Commission,395,MVRTA,Merrimack Valley Regional Transit Authority,,,,,
182,Middleborough,2502340850,2502340850,2502340850,2502340850,2502340850,2502340850,2502340850,2502340850,2502340850,2502340850,2502340850,2502340850,2502340850,2502340850,2502340850,2502340850,2502340850,2502340850,2502340850,South,Country Suburb,388,Developing Suburb,377,Plymouth County,374,"Boston-Worcester-Providence, MA-RI-NH-CT CSA",0,1,Commuter Rail,1,0,0,0,"Boston-Cambridge-Newton, MA-NH MSA",MIDDLEBOROUGH,0,1,Southeastern Massachusetts,404,SRPEDD,401,Southeastern Regional Planning & Economic Development District,SRPEDD,Southeastern Regional Planning & Economic Development District,401,GATRA,Greater Attleboro Taunton Regional Transit Authority,,,,,
183,Middlefield,2501540990,2501540990,2501540990,2501540990,2501540990,2501540990,2501540990,2501540990,2501540990,2501540990,2501540990,2501540990,2501540990,2501540990,2501540990,2501540990,2501540990,2501540990,2501540990,,Rural Town,381,Rural Town,381,Hampshire County,370,,0,0,,0,0,0,0,"Springfield, MA MSA",MIDDLEFIELD,0,0,Western Massachusetts,405,PVPC,400,Pioneer Valley Planning Commission,PVPC,Pioneer Valley Planning Commission,400,FRTA,Franklin Regional Transit Authority,,,,,
184,Middleton,2500941095,2500941095,2500941095,2500941095,2500941095,2500941095,2500941095,2500941095,2500941095,2500941095,2500941095,2500941095,2500941095,2500941095,2500941095,2500941095,2500941095,2500941095,2500941095,North,Maturing New England Town,387,Developing Suburb,377,Essex County,367,"Boston-Worcester-Providence, MA-RI-NH-CT CSA",1,1,MBTA Adjacent,0,0,1,0,"Boston-Cambridge-Newton, MA-NH MSA",MIDDLETON,1,1,MAPC,352,MAPC,352,Metropolitan Area Planning Council,MAPC,Metropolitan Area Planning Council,352,,,NSTF,,359,North Suburban (NSPC) Subregion,North Shore Task Force Subregion (NSTF)
185,Milford,2502741165,2502741165,2502741165,2502741165,2502741165,2502741165,2502741165,2502741165,2502741165,2502741165,2502741165,2502741165,2502741165,2502741165,2502741165,2502741165,2502741165,2502741165,2502741165,West,Sub-Regional Urban Center,383,Regional Urban Center,380,Worcester County,376,"Boston-Worcester-Providence, MA-RI-NH-CT CSA",1,0,,0,0,0,0,"Worcester, MA-CT MSA",MILFORD,0,1,MAPC,352,MAPC,352,Metropolitan Area Planning Council,MAPC,Metropolitan Area Planning Council,352,MWRTA,MetroWest Regional Transit Authority,SWAP,,361,South West (SWAP) Subregion,SouthWest Advisory Planning Committee Subregion (SWAP)
186,Millbury,2502741340,2502741340,2502741340,2502741340,2502741340,2502741340,2502741340,2502741340,2502741340,2502741340,2502741340,2502741340,2502741340,2502741340,2502741340,2502741340,2502741340,2502741340,2502741340,,Maturing New England Town,387,Developing Suburb,377,Worcester County,376,"Boston-Worcester-Providence, MA-RI-NH-CT CSA",0,1,MBTA Adjacent,1,0,0,0,"Worcester, MA-CT MSA",MILLBURY,0,0,Central Massachusetts,402,CMRPC,392,Central Massachusetts Regional Planning Commission,CMRPC,Central Massachusetts Regional Planning Commission,392,WRTA,Worcester Regional Transit Authority,,,,,
187,Millis,2502141515,2502141515,2502141515,2502141515,2502141515,2502141515,2502141515,2502141515,2502141515,2502141515,2502141515,2502141515,2502141515,2502141515,2502141515,2502141515,2502141515,2502141515,2502141515,West,Maturing New England Town,387,Developing Suburb,377,Norfolk County,373,"Boston-Worcester-Providence, MA-RI-NH-CT CSA",1,1,MBTA Adjacent,1,0,0,0,"Boston-Cambridge-Newton, MA-NH MSA",MILLIS,0,1,MAPC,352,MAPC,352,Metropolitan Area Planning Council,MAPC,Metropolitan Area Planning Council,352,,,SWAP,,361,South West (SWAP) Subregion,SouthWest Advisory Planning Committee Subregion (SWAP)
188,Millville,2502741585,2502741585,2502741585,2502741585,2502741585,2502741585,2502741585,2502741585,2502741585,2502741585,2502741585,2502741585,2502741585,2502741585,2502741585,2502741585,2502741585,2502741585,2502741585,,Country Suburb,388,Developing Suburb,377,Worcester County,376,"Boston-Worcester-Providence, MA-RI-NH-CT CSA",0,0,,0,0,0,0,"Worcester, MA-CT MSA",MILLVILLE,0,1,Central Massachusetts,402,CMRPC,392,Central Massachusetts Regional Planning Commission,CMRPC,Central Massachusetts Regional Planning Commission,392,,,,,,,
189,Milton,2502141690,2502141690,2502141690,2502141690,2502141690,2502141690,2502141690,2502141690,2502141690,2502141690,2502141690,2502141690,2502141690,2502141690,2502141690,2502141690,2502141690,2502141690,2502141690,South,Established Suburb/Cape Cod Town,386,Maturing Suburb,379,Norfolk County,373,"Boston-Worcester-Providence, MA-RI-NH-CT CSA",1,1,Subway Or Light Rail,0,1,0,0,"Boston-Cambridge-Newton, MA-NH MSA",MILTON,0,1,MAPC,352,MAPC,352,Metropolitan Area Planning Council,MAPC,Metropolitan Area Planning Council,352,,,ICC,TRIC,355,Inner Core (ICC) Subregion,Inner Core Committee Subregion (ICC)
190,Monroe,2501142040,2501142040,2501142040,2501142040,2501142040,2501142040,2501142040,2501142040,2501142040,2501142040,2501142040,2501142040,2501142040,2501142040,2501142040,2501142040,2501142040,2501142040,2501142040,,Rural Town,381,Rural Town,381,Franklin County,368,,0,0,,0,0,0,0,"Springfield, MA MSA",MONROE,0,0,Western Massachusetts,405,FRCOG,393,Franklin Regional Council of Governments,FRCOG,Franklin Regional Council of Governments,393,,,,,,,
191,Monson,2501342145,2501342145,2501342145,2501342145,2501342145,2501342145,2501342145,2501342145,2501342145,2501342145,2501342145,2501342145,2501342145,2501342145,2501342145,2501342145,2501342145,2501342145,2501342145,,Country Suburb,388,Developing Suburb,377,Hampden County,369,,0,0,,0,0,0,0,,MONSON,0,0,Western Massachusetts,405,PVPC,400,Pioneer Valley Planning Commission,PVPC,Pioneer Valley Planning Commission,400,,,,,,,
192,Montague,2501142285,2501142285,2501142285,2501142285,2501142285,2501142285,2501142285,2501142285,2501142285,2501142285,2501142285,2501142285,2501142285,2501142285,2501142285,2501142285,2501142285,2501142285,2501142285,,Maturing New England Town,387,Developing Suburb,377,Franklin County,368,,0,0,,0,0,0,0,"Springfield, MA MSA",MONTAGUE,0,0,Western Massachusetts,405,FRCOG,393,Franklin Regional Council of Governments,FRCOG,Franklin Regional Council of Governments,393,FRTA,Franklin Regional Transit Authority,,,,,
193,Monterey,2500342460,2500342460,2500342460,2500342460,2500342460,2500342460,2500342460,2500342460,2500342460,2500342460,2500342460,2500342460,2500342460,2500342460,2500342460,2500342460,2500342460,2500342460,2500342460,,Rural Town,381,Rural Town,381,Berkshire County,364,,0,0,,0,0,0,0,"Pittsfield, MA MSA",MONTEREY,0,0,Western Massachusetts,405,BRPC,390,Berkshire County Regional Planning Commission,BRPC,Berkshire County Regional Planning Commission,390,BRTA,Berkshire Regional Transit Authority,,,,,
194,Montgomery,2501342530,2501342530,2501342530,2501342530,2501342530,2501342530,2501342530,2501342530,2501342530,2501342530,2501342530,2501342530,2501342530,2501342530,2501342530,2501342530,2501342530,2501342530,2501342530,,Rural Town,381,Rural Town,381,Hampden County,369,,0,0,,0,0,0,0,,MONTGOMERY,0,0,Western Massachusetts,405,PVPC,400,Pioneer Valley Planning Commission,PVPC,Pioneer Valley Planning Commission,400,FRTA,Franklin Regional Transit Authority,,,,,
195,Mount Washington,2500343300,2500343300,2500343300,2500343300,2500343300,2500343300,2500343300,2500343300,2500343300,2500343300,2500343300,2500343300,2500343300,2500343300,2500343300,2500343300,2500343300,2500343300,2500343300,,Rural Town,381,Rural Town,381,Berkshire County,364,,0,0,,0,0,0,0,"Pittsfield, MA MSA",MOUNT WASHINGTON,0,0,Western Massachusetts,405,BRPC,390,Berkshire County Regional Planning Commission,BRPC,Berkshire County Regional Planning Commission,390,BRTA,Berkshire Regional Transit Authority,,,,,
196,Nahant,2500943580,2500943580,2500943580,2500943580,2500943580,2500943580,2500943580,2500943580,2500943580,2500943580,2500943580,2500943580,2500943580,2500943580,2500943580,2500943580,2500943580,2500943580,2500943580,North,Mature Suburb,385,Maturing Suburb,379,Essex County,367,"Boston-Worcester-Providence, MA-RI-NH-CT CSA",1,1,Bus,0,0,1,0,"Boston-Cambridge-Newton, MA-NH MSA",NAHANT,1,1,MAPC,352,MAPC,352,Metropolitan Area Planning Council,MAPC,Metropolitan Area Planning Council,352,,,NSTF,,359,North Suburban (NSPC) Subregion,North Shore Task Force Subregion (NSTF)
197,Nantucket,2501943790,2501943790,2501943790,2501943790,2501943790,2501943790,2501943790,2501943790,2501943790,2501943790,2501943790,2501943790,2501943790,2501943790,2501943790,2501943790,2501943790,2501943790,2501943790,,Maturing New England Town,387,Developing Suburb,377,Nantucket County,372,,0,0,,0,0,0,0,,NANTUCKET,0,0,Southeastern Massachusetts,404,NPEDC,397,Nantucket Planning & Economic Development Commission,NPEDC,Nantucket Planning & Economic Development Commission,397,NRTA,Nantucket Regional Transit Authority,,,,,
198,Natick,2501743895,2501743895,2501743895,2501743895,2501743895,2501743895,2501743895,2501743895,2501743895,2501743895,2501743895,2501743895,2501743895,2501743895,2501743895,2501743895,2501743895,2501743895,2501743895,West,Mature Suburb,385,Maturing Suburb,379,Middlesex County,371,"Boston-Worcester-Providence, MA-RI-NH-CT CSA",1,1,Commuter Rail,0,0,1,0,"Boston-Cambridge-Newton, MA-NH MSA",NATICK,0,1,MAPC,352,MAPC,352,Metropolitan Area Planning Council,MAPC,Metropolitan Area Planning Council,352,MWRTA,MetroWest Regional Transit Authority,MWRC,,357,Metrowest Subregion,MetroWest Regional Collaborative Subregion (MWRC)
199,Needham,2502144105,2502144105,2502144105,2502144105,2502144105,2502144105,2502144105,2502144105,2502144105,2502144105,2502144105,2502144105,2502144105,2502144105,2502144105,2502144105,2502144105,2502144105,2502144105,West,Mature Suburb,385,Maturing Suburb,379,Norfolk County,373,"Boston-Worcester-Providence, MA-RI-NH-CT CSA",1,1,Bus,0,0,1,0,"Boston-Cambridge-Newton, MA-NH MSA",NEEDHAM,0,1,MAPC,352,MAPC,352,Metropolitan Area Planning Council,MAPC,Metropolitan Area Planning Council,352,,,ICC,TRIC,355,Inner Core (ICC) Subregion,Inner Core Committee Subregion (ICC)
200,New Ashford,2500344385,2500344385,2500344385,2500344385,2500344385,2500344385,2500344385,2500344385,2500344385,2500344385,2500344385,2500344385,2500344385,2500344385,2500344385,2500344385,2500344385,2500344385,2500344385,,Rural Town,381,Rural Town,381,Berkshire County,364,,0,0,,0,0,0,0,"Pittsfield, MA MSA",NEW ASHFORD,0,0,Western Massachusetts,405,BRPC,390,Berkshire County Regional Planning Commission,BRPC,Berkshire County Regional Planning Commission,390,BRTA,Berkshire Regional Transit Authority,,,,,
201,New Bedford,2500545000,2500545000,2500545000,2500545000,2500545000,2500545000,2500545000,2500545000,2500545000,2500545000,2500545000,2500545000,2500545000,2500545000,2500545000,2500545000,2500545000,2500545000,2500545000,,Major Regional Urban Center,389,Regional Urban Center,380,Bristol County,365,"Boston-Worcester-Providence, MA-RI-NH-CT CSA",0,0,,0,0,0,0,"Providence-Warwick, RI-MA MSA",NEW BEDFORD,0,0,Southeastern Massachusetts,404,SRPEDD,401,Southeastern Regional Planning & Economic Development District,SRPEDD,Southeastern Regional Planning & Economic Development District,401,SRTA,Southeastern Regional Transit Authority,,,,,
202,New Braintree,2502745105,2502745105,2502745105,2502745105,2502745105,2502745105,2502745105,2502745105,2502745105,2502745105,2502745105,2502745105,2502745105,2502745105,2502745105,2502745105,2502745105,2502745105,2502745105,,Rural Town,381,Rural Town,381,Worcester County,376,"Boston-Worcester-Providence, MA-RI-NH-CT CSA",0,0,,0,0,0,0,"Worcester, MA-CT MSA",NEW BRAINTREE,0,0,Central Massachusetts,402,CMRPC,392,Central Massachusetts Regional Planning Commission,CMRPC,Central Massachusetts Regional Planning Commission,392,WRTA,Worcester Regional Transit Authority,,,,,
203,New Marlborough,2500345420,2500345420,2500345420,2500345420,2500345420,2500345420,2500345420,2500345420,2500345420,2500345420,2500345420,2500345420,2500345420,2500345420,2500345420,2500345420,2500345420,2500345420,2500345420,,Rural Town,381,Rural Town,381,Berkshire County,364,,0,0,,0,0,0,0,"Pittsfield, MA MSA",NEW MARLBOROUGH,0,0,Western Massachusetts,405,BRPC,390,Berkshire County Regional Planning Commission,BRPC,Berkshire County Regional Planning Commission,390,,,,,,,
204,New Salem,2501145490,2501145490,2501145490,2501145490,2501145490,2501145490,2501145490,2501145490,2501145490,2501145490,2501145490,2501145490,2501145490,2501145490,2501145490,2501145490,2501145490,2501145490,2501145490,,Rural Town,381,Rural Town,381,Franklin County,368,,0,0,,0,0,0,0,"Springfield, MA MSA",NEW SALEM,0,0,Western Massachusetts,405,FRCOG,393,Franklin Regional Council of Governments,FRCOG,Franklin Regional Council of Governments,393,FRTA,Franklin Regional Transit Authority,,,,,
205,Newbury,2500945175,2500945175,2500945175,2500945175,2500945175,2500945175,2500945175,2500945175,2500945175,2500945175,2500945175,2500945175,2500945175,2500945175,2500945175,2500945175,2500945175,2500945175,2500945175,North,Country Suburb,388,Developing Suburb,377,Essex County,367,"Boston-Worcester-Providence, MA-RI-NH-CT CSA",0,1,Commuter Rail,1,0,0,0,"Boston-Cambridge-Newton, MA-NH MSA",NEWBURY,0,1,Northeastern Massachusetts,403,MVPC,395,Merrimack Valley Planning Commission,MVPC,Merrimack Valley Planning Commission,395,MVRTA,Merrimack Valley Regional Transit Authority,,,,,
206,Newburyport,2500945245,2500945245,2500945245,2500945245,2500945245,2500945245,2500945245,2500945245,2500945245,2500945245,2500945245,2500945245,2500945245,2500945245,2500945245,2500945245,2500945245,2500945245,2500945245,North,Sub-Regional Urban Center,383,Regional Urban Center,380,Essex County,367,"Boston-Worcester-Providence, MA-RI-NH-CT CSA",0,1,Commuter Rail,1,0,0,0,"Boston-Cambridge-Newton, MA-NH MSA",NEWBURYPORT,0,1,Northeastern Massachusetts,403,MVPC,395,Merrimack Valley Planning Commission,MVPC,Merrimack Valley Planning Commission,395,MVRTA,Merrimack Valley Regional Transit Authority,,,,,
207,Newton,2501745560,2501745560,2501745560,2501745560,2501745560,2501745560,2501745560,2501745560,2501745560,2501745560,2501745560,2501745560,2501745560,2501745560,2501745560,2501745560,2501745560,2501745560,2501745560,West,Streetcar Suburb,384,Inner Core,378,Middlesex County,371,"Boston-Worcester-Providence, MA-RI-NH-CT CSA",1,1,Subway Or Light Rail,0,1,0,1,"Boston-Cambridge-Newton, MA-NH MSA",NEWTON,0,1,MAPC,352,MAPC,352,Metropolitan Area Planning Council,MAPC,Metropolitan Area Planning Council,352,,,ICC,,355,Inner Core (ICC) Subregion,Inner Core Committee Subregion (ICC)
208,Norfolk,2502146050,2502146050,2502146050,2502146050,2502146050,2502146050,2502146050,2502146050,2502146050,2502146050,2502146050,2502146050,2502146050,2502146050,2502146050,2502146050,2502146050,2502146050,2502146050,West,Maturing New England Town,387,Developing Suburb,377,Norfolk County,373,"Boston-Worcester-Providence, MA-RI-NH-CT CSA",1,1,Commuter Rail,0,0,1,0,"Boston-Cambridge-Newton, MA-NH MSA",NORFOLK,0,1,MAPC,352,MAPC,352,Metropolitan Area Planning Council,MAPC,Metropolitan Area Planning Council,352,GATRA,Greater Attleboro Taunton Regional Transit Authority,SWAP,,361,South West (SWAP) Subregion,SouthWest Advisory Planning Committee Subregion (SWAP)
209,North Adams,2500346225,2500346225,2500346225,2500346225,2500346225,2500346225,2500346225,2500346225,2500346225,2500346225,2500346225,2500346225,2500346225,2500346225,2500346225,2500346225,2500346225,2500346225,2500346225,,Sub-Regional Urban Center,383,Regional Urban Center,380,Berkshire County,364,,0,0,,0,0,0,0,"Pittsfield, MA MSA",NORTH ADAMS,0,0,Western Massachusetts,405,BRPC,390,Berkshire County Regional Planning Commission,BRPC,Berkshire County Regional Planning Commission,390,BRTA,Berkshire Regional Transit Authority,,,,,
210,North Andover,2500946365,2500946365,2500946365,2500946365,2500946365,2500946365,2500946365,2500946365,2500946365,2500946365,2500946365,2500946365,2500946365,2500946365,2500946365,2500946365,2500946365,2500946365,2500946365,North,Maturing New England Town,387,Developing Suburb,377,Essex County,367,"Boston-Worcester-Providence, MA-RI-NH-CT CSA",0,1,Commuter Rail,1,0,0,0,"Boston-Cambridge-Newton, MA-NH MSA",NORTH ANDOVER,0,1,Northeastern Massachusetts,403,MVPC,395,Merrimack Valley Planning Commission,MVPC,Merrimack Valley Planning Commission,395,MVRTA,Merrimack Valley Regional Transit Authority,,,,,
211,North Attleborough,2500546575,2500546575,2500546575,2500546575,2500546575,2500546575,2500546575,2500546575,2500546575,2500546575,2500546575,2500546598,2500546598,2500546598,2500546598,2500546598,2500546575,2500546575,2500546598,,Maturing New England Town,387,Developing Suburb,377,Bristol County,365,"Boston-Worcester-Providence, MA-RI-NH-CT CSA",0,1,MBTA Adjacent,1,0,0,0,"Providence-Warwick, RI-MA MSA",NORTH ATTLEBOROUGH,0,1,Southeastern Massachusetts,404,SRPEDD,401,Southeastern Regional Planning & Economic Development District,SRPEDD,Southeastern Regional Planning & Economic Development District,401,,,,,,,
212,North Brookfield,2502747135,2502747135,2502747135,2502747135,2502747135,2502747135,2502747135,2502747135,2502747135,2502747135,2502747135,2502747135,2502747135,2502747135,2502747135,2502747135,2502747135,2502747135,2502747135,,Maturing New England Town,387,Developing Suburb,377,Worcester County,376,"Boston-Worcester-Providence, MA-RI-NH-CT CSA",0,0,,0,0,0,0,"Worcester, MA-CT MSA",NORTH BROOKFIELD,0,0,Central Massachusetts,402,CMRPC,392,Central Massachusetts Regional Planning Commission,CMRPC,Central Massachusetts Regional Planning Commission,392,WRTA,Worcester Regional Transit Authority,,,,,
213,North Reading,2501748955,2501748955,2501748955,2501748955,2501748955,2501748955,2501748955,2501748955,2501748955,2501748955,2501748955,2501748955,2501748955,2501748955,2501748955,2501748955,2501748955,2501748955,2501748955,North,Established Suburb/Cape Cod Town,386,Maturing Suburb,379,Middlesex County,371,"Boston-Worcester-Providence, MA-RI-NH-CT CSA",1,1,MBTA Adjacent,1,0,0,0,"Boston-Cambridge-Newton, MA-NH MSA",NORTH READING,0,1,MAPC,352,MAPC,352,Metropolitan Area Planning Council,MAPC,Metropolitan Area Planning Council,352,MVRTA,Merrimack Valley Regional Transit Authority,NSPC,,358,North Shore (NSTF) Subregion,North Suburban Planning Council Subregion (NSPC)
214,Northampton,2501546330,2501546330,2501546330,2501546330,2501546330,2501546330,2501546330,2501546330,2501546330,2501546330,2501546330,2501546330,2501546330,2501546330,2501546330,2501546330,2501546330,2501546330,2501546330,,Sub-Regional Urban Center,383,Regional Urban Center,380,Hampshire County,370,,0,0,,0,0,0,0,"Springfield, MA MSA",NORTHAMPTON,0,0,Western Massachusetts,405,PVPC,400,Pioneer Valley Planning Commission,PVPC,Pioneer Valley Planning Commission,400,PVTA,Pioneer Valley Transit Authority,,,,,
215,Northborough,2502746820,2502746820,2502746820,2502746820,2502746820,2502746820,2502746820,2502746820,2502746820,2502746820,2502746820,2502746820,2502746820,2502746820,2502746820,2502746820,2502746820,2502746820,2502746820,West,Maturing New England Town,387,Developing Suburb,377,Worcester County,376,"Boston-Worcester-Providence, MA-RI-NH-CT CSA",0,1,MBTA Adjacent,1,0,0,0,"Worcester, MA-CT MSA",NORTHBOROUGH,0,1,Central Massachusetts,402,CMRPC,392,Central Massachusetts Regional Planning Commission,CMRPC,Central Massachusetts Regional Planning Commission,392,WRTA,Worcester Regional Transit Authority,,,,,
216,Northbridge,2502746925,2502746925,2502746925,2502746925,2502746925,2502746925,2502746925,2502746925,2502746925,2502746925,2502746925,2502746925,2502746925,2502746925,2502746925,2502746925,2502746925,2502746925,2502746925,,Maturing New England Town,387,Developing Suburb,377,Worcester County,376,"Boston-Worcester-Providence, MA-RI-NH-CT CSA",0,1,MBTA Adjacent,1,0,0,0,"Worcester, MA-CT MSA",NORTHBRIDGE,0,1,Central Massachusetts,402,CMRPC,392,Central Massachusetts Regional Planning Commission,CMRPC,Central Massachusetts Regional Planning Commission,392,WRTA,Worcester Regional Transit Authority,,,,,
217,Northfield,2501147835,2501147835,2501147835,2501147835,2501147835,2501147835,2501147835,2501147835,2501147835,2501147835,2501147835,2501147835,2501147835,2501147835,2501147835,2501147835,2501147835,2501147835,2501147835,,Rural Town,381,Rural Town,381,Franklin County,368,,0,0,,0,0,0,0,"Springfield, MA MSA",NORTHFIELD,0,0,Western Massachusetts,405,FRCOG,393,Franklin Regional Council of Governments,FRCOG,Franklin Regional Council of Governments,393,FRTA,Franklin Regional Transit Authority,,,,,
218,Norton,2500549970,2500549970,2500549970,2500549970,2500549970,2500549970,2500549970,2500549970,2500549970,2500549970,2500549970,2500549970,2500549970,2500549970,2500549970,2500549970,2500549970,2500549970,2500549970,South,Maturing New England Town,387,Developing Suburb,377,Bristol County,365,"Boston-Worcester-Providence, MA-RI-NH-CT CSA",0,1,MBTA Adjacent,1,0,0,0,"Providence-Warwick, RI-MA MSA",NORTON,0,1,Southeastern Massachusetts,404,SRPEDD,401,Southeastern Regional Planning & Economic Development District,SRPEDD,Southeastern Regional Planning & Economic Development District,401,GATRA,Greater Attleboro Taunton Regional Transit Authority,,,,,
219,Norwell,2502350145,2502350145,2502350145,2502350145,2502350145,2502350145,2502350145,2502350145,2502350145,2502350145,2502350145,2502350145,2502350145,2502350145,2502350145,2502350145,2502350145,2502350145,2502350145,South,Country Suburb,388,Developing Suburb,377,Plymouth County,374,"Boston-Worcester-Providence, MA-RI-NH-CT CSA",1,1,MBTA Adjacent,1,0,0,0,"Boston-Cambridge-Newton, MA-NH MSA",NORWELL,0,1,MAPC,352,MAPC,352,Metropolitan Area Planning Council,MAPC,Metropolitan Area Planning Council,352,,,SSC,,360,South Shore (SSC) Subregion,South Shore Coalition Subregion (SSC)
220,Norwood,2502150250,2502150250,2502150250,2502150250,2502150250,2502150250,2502150250,2502150250,2502150250,2502150250,2502150250,2502150250,2502150250,2502150250,2502150250,2502150250,2502150250,2502150250,2502150250,South,Sub-Regional Urban Center,383,Regional Urban Center,380,Norfolk County,373,"Boston-Worcester-Providence, MA-RI-NH-CT CSA",1,1,Bus,0,0,1,0,"Boston-Cambridge-Newton, MA-NH MSA",NORWOOD,0,1,MAPC,352,MAPC,352,Metropolitan Area Planning Council,MAPC,Metropolitan Area Planning Council,352,,,TRIC,,362,Three Rivers (TRIC) Subregion,Three Rivers Interlocal Council Subregion (TRIC)
221,Oak Bluffs,2500750390,2500750390,2500750390,2500750390,2500750390,2500750390,2500750390,2500750390,2500750390,2500750390,2500750390,2500750390,2500750390,2500750390,2500750390,2500750390,2500750390,2500750390,2500750390,,Maturing New England Town,387,Developing Suburb,377,Dukes County,366,,0,0,,0,0,0,0,"Vineyard Haven, MA mSA",OAK BLUFFS,0,0,Southeastern Massachusetts,404,MVC,394,Marthas Vineyard Commission,MVC,Marthas Vineyard Commission,394,VRTA,Vineyard Transit Authority,,,,,
222,Oakham,2502750670,2502750670,2502750670,2502750670,2502750670,2502750670,2502750670,2502750670,2502750670,2502750670,2502750670,2502750670,2502750670,2502750670,2502750670,2502750670,2502750670,2502750670,2502750670,,Rural Town,381,Rural Town,381,Worcester County,376,"Boston-Worcester-Providence, MA-RI-NH-CT CSA",0,0,,0,0,0,0,"Worcester, MA-CT MSA",OAKHAM,0,0,Central Massachusetts,402,CMRPC,392,Central Massachusetts Regional Planning Commission,CMRPC,Central Massachusetts Regional Planning Commission,392,WRTA,Worcester Regional Transit Authority,,,,,
223,Orange,2501151265,2501151265,2501151265,2501151265,2501151265,2501151265,2501151265,2501151265,2501151265,2501151265,2501151265,2501151265,2501151265,2501151265,2501151265,2501151265,2501151265,2501151265,2501151265,,Maturing New England Town,387,Developing Suburb,377,Franklin County,368,,0,0,,0,0,0,0,"Springfield, MA MSA",ORANGE,0,0,Western Massachusetts,405,FRCOG,393,Franklin Regional Council of Governments,FRCOG,Franklin Regional Council of Governments,393,FRTA,Franklin Regional Transit Authority,,,,,
224,Orleans,2500151440,2500151440,2500151440,2500151440,2500151440,2500151440,2500151440,2500151440,2500151440,2500151440,2500151440,2500151440,2500151440,2500151440,2500151440,2500151440,2500151440,2500151440,2500151440,,Established Suburb/Cape Cod Town,386,Maturing Suburb,379,Barnstable County,363,"Boston-Worcester-Providence, MA-RI-NH-CT CSA",0,0,,0,0,0,0,"Barnstable Town, MA MSA",ORLEANS,0,0,Southeastern Massachusetts,404,CCC,391,Cape Cod Planning & Economic Development Commission,CCC,Cape Cod Planning & Economic Development Commission,391,CCRTA,Cape Cod Regional Transit Authority,,,,,
225,Otis,2500351580,2500351580,2500351580,2500351580,2500351580,2500351580,2500351580,2500351580,2500351580,2500351580,2500351580,2500351580,2500351580,2500351580,2500351580,2500351580,2500351580,2500351580,2500351580,,Rural Town,381,Rural Town,381,Berkshire County,364,,0,0,,0,0,0,0,"Pittsfield, MA MSA",OTIS,0,0,Western Massachusetts,405,BRPC,390,Berkshire County Regional Planning Commission,BRPC,Berkshire County Regional Planning Commission,390,BRTA,Berkshire Regional Transit Authority,,,,,
226,Oxford,2502751825,2502751825,2502751825,2502751825,2502751825,2502751825,2502751825,2502751825,2502751825,2502751825,2502751825,2502751825,2502751825,2502751825,2502751825,2502751825,2502751825,2502751825,2502751825,,Maturing New England Town,387,Developing Suburb,377,Worcester County,376,"Boston-Worcester-Providence, MA-RI-NH-CT CSA",0,0,,0,0,0,0,"Worcester, MA-CT MSA",OXFORD,0,0,Central Massachusetts,402,CMRPC,392,Central Massachusetts Regional Planning Commission,CMRPC,Central Massachusetts Regional Planning Commission,392,WRTA,Worcester Regional Transit Authority,,,,,
227,Palmer,2501352144,2501352144,2501352144,2501352144,2501352144,2501352144,2501352144,2501352144,2501352144,2501352144,2501352105,2501352144,2501352144,2501352144,2501352144,2501352144,2501352105,2501352144,2501352144,,Maturing New England Town,387,Developing Suburb,377,Hampden County,369,,0,0,,0,0,0,0,,PALMER,0,0,Western Massachusetts,405,PVPC,400,Pioneer Valley Planning Commission,PVPC,Pioneer Valley Planning Commission,400,PVTA,Pioneer Valley Transit Authority,,,,,
228,Paxton,2502752420,2502752420,2502752420,2502752420,2502752420,2502752420,2502752420,2502752420,2502752420,2502752420,2502752420,2502752420,2502752420,2502752420,2502752420,2502752420,2502752420,2502752420,2502752420,,Country Suburb,388,Developing Suburb,377,Worcester County,376,"Boston-Worcester-Providence, MA-RI-NH-CT CSA",0,1,MBTA Adjacent,1,0,0,0,"Worcester, MA-CT MSA",PAXTON,0,0,Central Massachusetts,402,CMRPC,392,Central Massachusetts Regional Planning Commission,CMRPC,Central Massachusetts Regional Planning Commission,392,WRTA,Worcester Regional Transit Authority,,,,,
229,Peabody,2500952490,2500952490,2500952490,2500952490,2500952490,2500952490,2500952490,2500952490,2500952490,2500952490,2500952490,2500952490,2500952490,2500952490,2500952490,2500952490,2500952490,2500952490,2500952490,North,Sub-Regional Urban Center,383,Regional Urban Center,380,Essex County,367,"Boston-Worcester-Providence, MA-RI-NH-CT CSA",1,1,Bus,0,0,1,0,"Boston-Cambridge-Newton, MA-NH MSA",PEABODY,1,1,MAPC,352,MAPC,352,Metropolitan Area Planning Council,MAPC,Metropolitan Area Planning Council,352,,,NSTF,,359,North Suburban (NSPC) Subregion,North Shore Task Force Subregion (NSTF)
230,Pelham,2501552560,2501552560,2501552560,2501552560,2501552560,2501552560,2501552560,2501552560,2501552560,2501552560,2501552560,2501552560,2501552560,2501552560,2501552560,2501552560,2501552560,2501552560,2501552560,,Rural Town,381,Rural Town,381,Hampshire County,370,,0,0,,0,0,0,0,"Springfield, MA MSA",PELHAM,0,0,Western Massachusetts,405,PVPC,400,Pioneer Valley Planning Commission,PVPC,Pioneer Valley Planning Commission,400,PVTA,Pioneer Valley Transit Authority,,,,,
231,Pembroke,2502352630,2502352630,2502352630,2502352630,2502352630,2502352630,2502352630,2502352630,2502352630,2502352630,2502352630,2502352630,2502352630,2502352630,2502352630,2502352630,2502352630,2502352630,2502352630,South,Established Suburb/Cape Cod Town,386,Maturing Suburb,379,Plymouth County,374,"Boston-Worcester-Providence, MA-RI-NH-CT CSA",1,1,MBTA Adjacent,1,0,0,0,"Boston-Cambridge-Newton, MA-NH MSA",PEMBROKE,0,1,MAPC,352,MAPC,352,Metropolitan Area Planning Council,OCPC,Old Colony Planning Council,399,GATRA,Greater Attleboro Taunton Regional Transit Authority,SSC,,360,South Shore (SSC) Subregion,South Shore Coalition Subregion (SSC)
232,Pepperell,2501752805,2501752805,2501752805,2501752805,2501752805,2501752805,2501752805,2501752805,2501752805,2501752805,2501752805,2501752805,2501752805,2501752805,2501752805,2501752805,2501752805,2501752805,2501752805,West,Country Suburb,388,Developing Suburb,377,Middlesex County,371,"Boston-Worcester-Providence, MA-RI-NH-CT CSA",0,0,,0,0,0,0,"Boston-Cambridge-Newton, MA-NH MSA",PEPPERELL,0,1,Northeastern Massachusetts,403,NMCOG,398,Northern Middlesex Council of Government,NMCOG,Northern Middlesex Council of Government,398,LRTA,Lowell Regional Transit Authority,,,,,
233,Peru,2500353050,2500353050,2500353050,2500353050,2500353050,2500353050,2500353050,2500353050,2500353050,2500353050,2500353050,2500353050,2500353050,2500353050,2500353050,2500353050,2500353050,2500353050,2500353050,,Rural Town,381,Rural Town,381,Berkshire County,364,,0,0,,0,0,0,0,"Pittsfield, MA MSA",PERU,0,0,Western Massachusetts,405,BRPC,390,Berkshire County Regional Planning Commission,BRPC,Berkshire County Regional Planning Commission,390,BRTA,Berkshire Regional Transit Authority,,,,,
234,Petersham,2502753120,2502753120,2502753120,2502753120,2502753120,2502753120,2502753120,2502753120,2502753120,2502753120,2502753120,2502753120,2502753120,2502753120,2502753120,2502753120,2502753120,2502753120,2502753120,,Rural Town,381,Rural Town,381,Worcester County,376,"Boston-Worcester-Providence, MA-RI-NH-CT CSA",0,0,,0,0,0,0,"Worcester, MA-CT MSA",PETERSHAM,0,0,Central Massachusetts,402,MRPC,396,Montachusett Regional Planning Commission,MRPC,Montachusett Regional Planning Commission,396,FRTA,Franklin Regional Transit Authority,,,,,
235,Phillipston,2502753225,2502753225,2502753225,2502753225,2502753225,2502753225,2502753225,2502753225,2502753225,2502753225,2502753225,2502753225,2502753225,2502753225,2502753225,2502753225,2502753225,2502753225,2502753225,,Rural Town,381,Rural Town,381,Worcester County,376,"Boston-Worcester-Providence, MA-RI-NH-CT CSA",0,0,,0,0,0,0,"Worcester, MA-CT MSA",PHILLIPSTON,0,0,Central Massachusetts,402,MRPC,396,Montachusett Regional Planning Commission,MRPC,Montachusett Regional Planning Commission,396,FRTA,Franklin Regional Transit Authority,,,,,
236,Pittsfield,2500353960,2500353960,2500353960,2500353960,2500353960,2500353960,2500353960,2500353960,2500353960,2500353960,2500353960,2500353960,2500353960,2500353960,2500353960,2500353960,2500353960,2500353960,2500353960,,Sub-Regional Urban Center,383,Regional Urban Center,380,Berkshire County,364,,0,0,,0,0,0,0,"Pittsfield, MA MSA",PITTSFIELD,0,0,Western Massachusetts,405,BRPC,390,Berkshire County Regional Planning Commission,BRPC,Berkshire County Regional Planning Commission,390,BRTA,Berkshire Regional Transit Authority,,,,,
237,Plainfield,2501554030,2501554030,2501554030,2501554030,2501554030,2501554030,2501554030,2501554030,2501554030,2501554030,2501554030,2501554030,2501554030,2501554030,2501554030,2501554030,2501554030,2501554030,2501554030,,Rural Town,381,Rural Town,381,Hampshire County,370,,0,0,,0,0,0,0,"Springfield, MA MSA",PLAINFIELD,0,0,Western Massachusetts,405,PVPC,400,Pioneer Valley Planning Commission,PVPC,Pioneer Valley Planning Commission,400,FRTA,Franklin Regional Transit Authority,,,,,
238,Plainville,2502154100,2502154100,2502154100,2502154100,2502154100,2502154100,2502154100,2502154100,2502154100,2502154100,2502154100,2502154100,2502154100,2502154100,2502154100,2502154100,2502154100,2502154100,2502154100,West,Maturing New England Town,387,Developing Suburb,377,Norfolk County,373,"Boston-Worcester-Providence, MA-RI-NH-CT CSA",0,0,,0,0,0,0,"Boston-Cambridge-Newton, MA-NH MSA",PLAINVILLE,0,1,Southeastern Massachusetts,404,SRPEDD,401,Southeastern Regional Planning & Economic Development District,SRPEDD,Southeastern Regional Planning & Economic Development District,401,GATRA,Greater Attleboro Taunton Regional Transit Authority,,,,,
239,Plymouth,2502354310,2502354310,2502354310,2502354310,2502354310,2502354310,2502354310,2502354310,2502354310,2502354310,2502354310,2502354310,2502354310,2502354310,2502354310,2502354310,2502354310,2502354310,2502354310,South,Maturing New England Town,387,Developing Suburb,377,Plymouth County,374,"Boston-Worcester-Providence, MA-RI-NH-CT CSA",0,1,Commuter Rail,1,0,0,0,"Boston-Cambridge-Newton, MA-NH MSA",PLYMOUTH,0,1,Southeastern Massachusetts,404,OCPC,399,Old Colony Planning Council,OCPC,Old Colony Planning Council,399,GATRA,Greater Attleboro Taunton Regional Transit Authority,,,,,
240,Plympton,2502354415,2502354415,2502354415,2502354415,2502354415,2502354415,2502354415,2502354415,2502354415,2502354415,2502354415,2502354415,2502354415,2502354415,2502354415,2502354415,2502354415,2502354415,2502354415,South,Country Suburb,388,Developing Suburb,377,Plymouth County,374,"Boston-Worcester-Providence, MA-RI-NH-CT CSA",0,1,MBTA Adjacent,1,0,0,0,"Boston-Cambridge-Newton, MA-NH MSA",PLYMPTON,0,1,Southeastern Massachusetts,404,OCPC,399,Old Colony Planning Council,OCPC,Old Colony Planning Council,399,,,,,,,
241,Princeton,2502755395,2502755395,2502755395,2502755395,2502755395,2502755395,2502755395,2502755395,2502755395,2502755395,2502755395,2502755395,2502755395,2502755395,2502755395,2502755395,2502755395,2502755395,2502755395,,Rural Town,381,Rural Town,381,Worcester County,376,"Boston-Worcester-Providence, MA-RI-NH-CT CSA",0,1,MBTA Adjacent,1,0,0,0,"Worcester, MA-CT MSA",PRINCETON,0,0,Central Massachusetts,402,CMRPC,392,Central Massachusetts Regional Planning Commission,CMRPC,Central Massachusetts Regional Planning Commission,392,WRTA,Worcester Regional Transit Authority,,,,,
242,Provincetown,2500155500,2500155500,2500155500,2500155500,2500155500,2500155500,2500155500,2500155500,2500155500,2500155500,2500155500,2500155500,2500155500,2500155500,2500155500,2500155500,2500155500,2500155500,2500155500,,Sub-Regional Urban Center,383,Regional Urban Center,380,Barnstable County,363,"Boston-Worcester-Providence, MA-RI-NH-CT CSA",0,0,,0,0,0,0,"Barnstable Town, MA MSA",PROVINCETOWN,0,0,Southeastern Massachusetts,404,CCC,391,Cape Cod Planning & Economic Development Commission,CCC,Cape Cod Planning & Economic Development Commission,391,CCRTA,Cape Cod Regional Transit Authority,,,,,
243,Quincy,2502155745,2502155745,2502155745,2502155745,2502155745,2502155745,2502155745,2502155745,2502155745,2502155745,2502155745,2502155745,2502155745,2502155745,2502155745,2502155745,2502155745,2502155745,2502155745,South,Sub-Regional Urban Center,383,Regional Urban Center,380,Norfolk County,373,"Boston-Worcester-Providence, MA-RI-NH-CT CSA",1,1,Subway Or Light Rail,0,0,1,1,"Boston-Cambridge-Newton, MA-NH MSA",QUINCY,0,1,MAPC,352,MAPC,352,Metropolitan Area Planning Council,MAPC,Metropolitan Area Planning Council,352,,,ICC,,355,Inner Core (ICC) Subregion,Inner Core Committee Subregion (ICC)
244,Randolph,2502156000,2502155955,2502155955,2502155955,2502155955,2502155955,2502155955,2502155955,2502155955,2502155955,2502155955,2502156000,2502156000,2502156000,2502156000,2502156000,2502155955,2502155955,2502156000,South,Mature Suburb,385,Maturing Suburb,379,Norfolk County,373,"Boston-Worcester-Providence, MA-RI-NH-CT CSA",1,1,Bus,0,0,1,0,"Boston-Cambridge-Newton, MA-NH MSA",RANDOLPH,0,1,MAPC,352,MAPC,352,Metropolitan Area Planning Council,MAPC,Metropolitan Area Planning Council,352,,,TRIC,,362,Three Rivers (TRIC) Subregion,Three Rivers Interlocal Council Subregion (TRIC)
245,Raynham,2500556060,2500556060,2500556060,2500556060,2500556060,2500556060,2500556060,2500556060,2500556060,2500556060,2500556060,2500556060,2500556060,2500556060,2500556060,2500556060,2500556060,2500556060,2500556060,South,Maturing New England Town,387,Developing Suburb,377,Bristol County,365,"Boston-Worcester-Providence, MA-RI-NH-CT CSA",0,1,MBTA Adjacent,1,0,0,0,"Providence-Warwick, RI-MA MSA",RAYNHAM,0,1,Southeastern Massachusetts,404,SRPEDD,401,Southeastern Regional Planning & Economic Development District,SRPEDD,Southeastern Regional Planning & Economic Development District,401,GATRA,Greater Attleboro Taunton Regional Transit Authority,,,,,
246,Reading,2501756130,2501756130,2501756130,2501756130,2501756130,2501756130,2501756130,2501756130,2501756130,2501756130,2501756130,2501756130,2501756130,2501756130,2501756130,2501756130,2501756130,2501756130,2501756130,North,Mature Suburb,385,Maturing Suburb,379,Middlesex County,371,"Boston-Worcester-Providence, MA-RI-NH-CT CSA",1,1,Bus,0,0,1,0,"Boston-Cambridge-Newton, MA-NH MSA",READING,0,1,MAPC,352,MAPC,352,Metropolitan Area Planning Council,MAPC,Metropolitan Area Planning Council,352,,,NSPC,,358,North Shore (NSTF) Subregion,North Suburban Planning Council Subregion (NSPC)
247,Rehoboth,2500556375,2500556375,2500556375,2500556375,2500556375,2500556375,2500556375,2500556375,2500556375,2500556375,2500556375,2500556375,2500556375,2500556375,2500556375,2500556375,2500556375,2500556375,2500556375,,Country Suburb,388,Developing Suburb,377,Bristol County,365,"Boston-Worcester-Providence, MA-RI-NH-CT CSA",0,1,MBTA Adjacent,1,0,0,0,"Providence-Warwick, RI-MA MSA",REHOBOTH,0,0,Southeastern Massachusetts,404,SRPEDD,401,Southeastern Regional Planning & Economic Development District,SRPEDD,Southeastern Regional Planning & Economic Development District,401,GATRA,Greater Attleboro Taunton Regional Transit Authority,,,,,
248,Revere,2502556585,2502556585,2502556585,2502556585,2502556585,2502556585,2502556585,2502556585,2502556585,2502556585,2502556585,2502556585,2502556585,2502556585,2502556585,2502556585,2502556585,2502556585,2502556585,North,Metro Core Community,382,Inner Core,378,Suffolk County,375,"Boston-Worcester-Providence, MA-RI-NH-CT CSA",1,1,Subway Or Light Rail,0,1,0,1,"Boston-Cambridge-Newton, MA-NH MSA",REVERE,0,1,MAPC,352,MAPC,352,Metropolitan Area Planning Council,MAPC,Metropolitan Area Planning Council,352,,,ICC,,355,Inner Core (ICC) Subregion,Inner Core Committee Subregion (ICC)
249,Richmond,2500356795,2500356795,2500356795,2500356795,2500356795,2500356795,2500356795,2500356795,2500356795,2500356795,2500356795,2500356795,2500356795,2500356795,2500356795,2500356795,2500356795,2500356795,2500356795,,Rural Town,381,Rural Town,381,Berkshire County,364,,0,0,,0,0,0,0,"Pittsfield, MA MSA",RICHMOND,0,0,Western Massachusetts,405,BRPC,390,Berkshire County Regional Planning Commission,BRPC,Berkshire County Regional Planning Commission,390,BRTA,Berkshire Regional Transit Authority,,,,,
250,Rochester,2502357600,2502357600,2502357600,2502357600,2502357600,2502357600,2502357600,2502357600,2502357600,2502357600,2502357600,2502357600,2502357600,2502357600,2502357600,2502357600,2502357600,2502357600,2502357600,South,Country Suburb,388,Developing Suburb,377,Plymouth County,374,"Boston-Worcester-Providence, MA-RI-NH-CT CSA",0,1,MBTA Adjacent,1,0,0,0,"Boston-Cambridge-Newton, MA-NH MSA",ROCHESTER,0,0,Southeastern Massachusetts,404,SRPEDD,401,Southeastern Regional Planning & Economic Development District,SRPEDD,Southeastern Regional Planning & Economic Development District,401,,,,,,,
251,Rockland,2502357775,2502357775,2502357775,2502357775,2502357775,2502357775,2502357775,2502357775,2502357775,2502357775,2502357775,2502357775,2502357775,2502357775,2502357775,2502357775,2502357775,2502357775,2502357775,South,Maturing New England Town,387,Developing Suburb,377,Plymouth County,374,"Boston-Worcester-Providence, MA-RI-NH-CT CSA",1,1,MBTA Adjacent,1,0,0,0,"Boston-Cambridge-Newton, MA-NH MSA",ROCKLAND,0,1,MAPC,352,MAPC,352,Metropolitan Area Planning Council,MAPC,Metropolitan Area Planning Council,352,BAT,Brockton Area Transit Authority,SSC,,360,South Shore (SSC) Subregion,South Shore Coalition Subregion (SSC)
252,Rockport,2500957880,2500957880,2500957880,2500957880,2500957880,2500957880,2500957880,2500957880,2500957880,2500957880,2500957880,2500957880,2500957880,2500957880,2500957880,2500957880,2500957880,2500957880,2500957880,North,Maturing New England Town,387,Developing Suburb,377,Essex County,367,"Boston-Worcester-Providence, MA-RI-NH-CT CSA",1,1,Commuter Rail,1,0,0,0,"Boston-Cambridge-Newton, MA-NH MSA",ROCKPORT,1,1,MAPC,352,MAPC,352,Metropolitan Area Planning Council,MAPC,Metropolitan Area Planning Council,352,CATA,Cape Ann Transportation Authority,NSTF,,359,North Suburban (NSPC) Subregion,North Shore Task Force Subregion (NSTF)
253,Rowe,2501158335,2501158335,2501158335,2501158335,2501158335,2501158335,2501158335,2501158335,2501158335,2501158335,2501158335,2501158335,2501158335,2501158335,2501158335,2501158335,2501158335,2501158335,2501158335,,Rural Town,381,Rural Town,381,Franklin County,368,,0,0,,0,0,0,0,"Springfield, MA MSA",ROWE,0,0,Western Massachusetts,405,FRCOG,393,Franklin Regional Council of Governments,FRCOG,Franklin Regional Council of Governments,393,FRTA,Franklin Regional Transit Authority,,,,,
254,Rowley,2500958405,2500958405,2500958405,2500958405,2500958405,2500958405,2500958405,2500958405,2500958405,2500958405,2500958405,2500958405,2500958405,2500958405,2500958405,2500958405,2500958405,2500958405,2500958405,North,Country Suburb,388,Developing Suburb,377,Essex County,367,"Boston-Worcester-Providence, MA-RI-NH-CT CSA",0,1,Commuter Rail,1,0,0,0,"Boston-Cambridge-Newton, MA-NH MSA",ROWLEY,0,1,Northeastern Massachusetts,403,MVPC,395,Merrimack Valley Planning Commission,MVPC,Merrimack Valley Planning Commission,395,MVRTA,Merrimack Valley Regional Transit Authority,,,,,
255,Royalston,2502758580,2502758580,2502758580,2502758580,2502758580,2502758580,2502758580,2502758580,2502758580,2502758580,2502758580,2502758580,2502758580,2502758580,2502758580,2502758580,2502758580,2502758580,2502758580,,Rural Town,381,Rural Town,381,Worcester County,376,"Boston-Worcester-Providence, MA-RI-NH-CT CSA",0,0,,0,0,0,0,"Worcester, MA-CT MSA",ROYALSTON,0,0,Central Massachusetts,402,MRPC,396,Montachusett Regional Planning Commission,MRPC,Montachusett Regional Planning Commission,396,MART,Montachusett Regional Transit Authority,,,,,
256,Russell,2501358650,2501358650,2501358650,2501358650,2501358650,2501358650,2501358650,2501358650,2501358650,2501358650,2501358650,2501358650,2501358650,2501358650,2501358650,2501358650,2501358650,2501358650,2501358650,,Rural Town,381,Rural Town,381,Hampden County,369,,0,0,,0,0,0,0,,RUSSELL,0,0,Western Massachusetts,405,PVPC,400,Pioneer Valley Planning Commission,PVPC,Pioneer Valley Planning Commission,400,FRTA,Franklin Regional Transit Authority,,,,,
257,Rutland,2502758825,2502758825,2502758825,2502758825,2502758825,2502758825,2502758825,2502758825,2502758825,2502758825,2502758825,2502758825,2502758825,2502758825,2502758825,2502758825,2502758825,2502758825,2502758825,,Maturing New England Town,387,Developing Suburb,377,Worcester County,376,"Boston-Worcester-Providence, MA-RI-NH-CT CSA",0,0,,0,0,0,0,"Worcester, MA-CT MSA",RUTLAND,0,0,Central Massachusetts,402,CMRPC,392,Central Massachusetts Regional Planning Commission,CMRPC,Central Massachusetts Regional Planning Commission,392,WRTA,Worcester Regional Transit Authority,,,,,
258,Salem,2500959105,2500959105,2500959105,2500959105,2500959105,2500959105,2500959105,2500959105,2500959105,2500959105,2500959105,2500959105,2500959105,2500959105,2500959105,2500959105,2500959105,2500959105,2500959105,North,Sub-Regional Urban Center,383,Regional Urban Center,380,Essex County,367,"Boston-Worcester-Providence, MA-RI-NH-CT CSA",1,1,Bus,0,0,1,0,"Boston-Cambridge-Newton, MA-NH MSA",SALEM,1,1,MAPC,352,MAPC,352,Metropolitan Area Planning Council,MAPC,Metropolitan Area Planning Council,352,,,NSTF,,359,North Suburban (NSPC) Subregion,North Shore Task Force Subregion (NSTF)
259,Salisbury,2500959245,2500959245,2500959245,2500959245,2500959245,2500959245,2500959245,2500959245,2500959245,2500959245,2500959245,2500959245,2500959245,2500959245,2500959245,2500959245,2500959245,2500959245,2500959245,North,Maturing New England Town,387,Developing Suburb,377,Essex County,367,"Boston-Worcester-Providence, MA-RI-NH-CT CSA",0,1,MBTA Adjacent,1,0,0,0,"Boston-Cambridge-Newton, MA-NH MSA",SALISBURY,0,1,Northeastern Massachusetts,403,MVPC,395,Merrimack Valley Planning Commission,MVPC,Merrimack Valley Planning Commission,395,MVRTA,Merrimack Valley Regional Transit Authority,,,,,
260,Sandisfield,2500359665,2500359665,2500359665,2500359665,2500359665,2500359665,2500359665,2500359665,2500359665,2500359665,2500359665,2500359665,2500359665,2500359665,2500359665,2500359665,2500359665,2500359665,2500359665,,Rural Town,381,Rural Town,381,Berkshire County,364,,0,0,,0,0,0,0,"Pittsfield, MA MSA",SANDISFIELD,0,0,Western Massachusetts,405,BRPC,390,Berkshire County Regional Planning Commission,BRPC,Berkshire County Regional Planning Commission,390,,,,,,,
261,Sandwich,2500159735,2500159735,2500159735,2500159735,2500159735,2500159735,2500159735,2500159735,2500159735,2500159735,2500159735,2500159735,2500159735,2500159735,2500159735,2500159735,2500159735,2500159735,2500159735,,Established Suburb/Cape Cod Town,386,Maturing Suburb,379,Barnstable County,363,"Boston-Worcester-Providence, MA-RI-NH-CT CSA",0,0,,0,0,0,0,"Barnstable Town, MA MSA",SANDWICH,0,0,Southeastern Massachusetts,404,CCC,391,Cape Cod Planning & Economic Development Commission,CCC,Cape Cod Planning & Economic Development Commission,391,CCRTA,Cape Cod Regional Transit Authority,,,,,
262,Saugus,2500960015,2500960015,2500960015,2500960015,2500960015,2500960015,2500960015,2500960015,2500960015,2500960015,2500960015,2500960015,2500960015,2500960015,2500960015,2500960015,2500960015,2500960015,2500960015,North,Mature Suburb,385,Maturing Suburb,379,Essex County,367,"Boston-Worcester-Providence, MA-RI-NH-CT CSA",1,1,Bus,0,0,1,0,"Boston-Cambridge-Newton, MA-NH MSA",SAUGUS,1,1,MAPC,352,MAPC,352,Metropolitan Area Planning Council,MAPC,Metropolitan Area Planning Council,352,,,ICC,,355,Inner Core (ICC) Subregion,Inner Core Committee Subregion (ICC)
263,Savoy,2500360225,2500360225,2500360225,2500360225,2500360225,2500360225,2500360225,2500360225,2500360225,2500360225,2500360225,2500360225,2500360225,2500360225,2500360225,2500360225,2500360225,2500360225,2500360225,,Rural Town,381,Rural Town,381,Berkshire County,364,,0,0,,0,0,0,0,"Pittsfield, MA MSA",SAVOY,0,0,Western Massachusetts,405,BRPC,390,Berkshire County Regional Planning Commission,BRPC,Berkshire County Regional Planning Commission,390,BRTA,Berkshire Regional Transit Authority,,,,,
264,Scituate,2502360330,2502360330,2502360330,2502360330,2502360330,2502360330,2502360330,2502360330,2502360330,2502360330,2502360330,2502360330,2502360330,2502360330,2502360330,2502360330,2502360330,2502360330,2502360330,South,Established Suburb/Cape Cod Town,386,Maturing Suburb,379,Plymouth County,374,"Boston-Worcester-Providence, MA-RI-NH-CT CSA",1,1,Commuter Rail,1,0,0,0,"Boston-Cambridge-Newton, MA-NH MSA",SCITUATE,0,1,MAPC,352,MAPC,352,Metropolitan Area Planning Council,MAPC,Metropolitan Area Planning Council,352,GATRA,Greater Attleboro Taunton Regional Transit Authority,SSC,,360,South Shore (SSC) Subregion,South Shore Coalition Subregion (SSC)
265,Seekonk,2500560645,2500560645,2500560645,2500560645,2500560645,2500560645,2500560645,2500560645,2500560645,2500560645,2500560645,2500560645,2500560645,2500560645,2500560645,2500560645,2500560645,2500560645,2500560645,,Maturing New England Town,387,Developing Suburb,377,Bristol County,365,"Boston-Worcester-Providence, MA-RI-NH-CT CSA",0,1,MBTA Adjacent,1,0,0,0,"Providence-Warwick, RI-MA MSA",SEEKONK,0,0,Southeastern Massachusetts,404,SRPEDD,401,Southeastern Regional Planning & Economic Development District,SRPEDD,Southeastern Regional Planning & Economic Development District,401,GATRA,Greater Attleboro Taunton Regional Transit Authority,,,,,
266,Sharon,2502160785,2502160785,2502160785,2502160785,2502160785,2502160785,2502160785,2502160785,2502160785,2502160785,2502160785,2502160785,2502160785,2502160785,2502160785,2502160785,2502160785,2502160785,2502160785,South,Established Suburb/Cape Cod Town,386,Maturing Suburb,379,Norfolk County,373,"Boston-Worcester-Providence, MA-RI-NH-CT CSA",1,1,Commuter Rail,0,0,1,0,"Boston-Cambridge-Newton, MA-NH MSA",SHARON,0,1,MAPC,352,MAPC,352,Metropolitan Area Planning Council,MAPC,Metropolitan Area Planning Council,352,,,TRIC,,362,Three Rivers (TRIC) Subregion,Three Rivers Interlocal Council Subregion (TRIC)
267,Sheffield,2500361065,2500361065,2500361065,2500361065,2500361065,2500361065,2500361065,2500361065,2500361065,2500361065,2500361065,2500361065,2500361065,2500361065,2500361065,2500361065,2500361065,2500361065,2500361065,,Rural Town,381,Rural Town,381,Berkshire County,364,,0,0,,0,0,0,0,"Pittsfield, MA MSA",SHEFFIELD,0,0,Western Massachusetts,405,BRPC,390,Berkshire County Regional Planning Commission,BRPC,Berkshire County Regional Planning Commission,390,BRTA,Berkshire Regional Transit Authority,,,,,
268,Shelburne,2501161135,2501161135,2501161135,2501161135,2501161135,2501161135,2501161135,2501161135,2501161135,2501161135,2501161135,2501161135,2501161135,2501161135,2501161135,2501161135,2501161135,2501161135,2501161135,,Rural Town,381,Rural Town,381,Franklin County,368,,0,0,,0,0,0,0,"Springfield, MA MSA",SHELBURNE,0,0,Western Massachusetts,405,FRCOG,393,Franklin Regional Council of Governments,FRCOG,Franklin Regional Council of Governments,393,FRTA,Franklin Regional Transit Authority,,,,,
269,Sherborn,2501761380,2501761380,2501761380,2501761380,2501761380,2501761380,2501761380,2501761380,2501761380,2501761380,2501761380,2501761380,2501761380,2501761380,2501761380,2501761380,2501761380,2501761380,2501761380,West,Country Suburb,388,Developing Suburb,377,Middlesex County,371,"Boston-Worcester-Providence, MA-RI-NH-CT CSA",1,1,MBTA Adjacent,1,0,0,0,"Boston-Cambridge-Newton, MA-NH MSA",SHERBORN,0,1,MAPC,352,MAPC,352,Metropolitan Area Planning Council,MAPC,Metropolitan Area Planning Council,352,MWRTA,MetroWest Regional Transit Authority,SWAP,,361,South West (SWAP) Subregion,SouthWest Advisory Planning Committee Subregion (SWAP)
270,Shirley,2501761590,2501761590,2501761590,2501761590,2501761590,2501761590,2501761590,2501761590,2501761590,2501761590,2501761590,2501761590,2501761590,2501761590,2501761590,2501761590,2501761590,2501761590,2501761590,West,Maturing New England Town,387,Developing Suburb,377,Middlesex County,371,"Boston-Worcester-Providence, MA-RI-NH-CT CSA",0,1,Commuter Rail,1,0,0,0,"Boston-Cambridge-Newton, MA-NH MSA",SHIRLEY,0,1,Central Massachusetts,402,MRPC,396,Montachusett Regional Planning Commission,MRPC,Montachusett Regional Planning Commission,396,MART,Montachusett Regional Transit Authority,,,,,
271,Shrewsbury,2502761800,2502761800,2502761800,2502761800,2502761800,2502761800,2502761800,2502761800,2502761800,2502761800,2502761800,2502761800,2502761800,2502761800,2502761800,2502761800,2502761800,2502761800,2502761800,West,Maturing New England Town,387,Developing Suburb,377,Worcester County,376,"Boston-Worcester-Providence, MA-RI-NH-CT CSA",0,1,Commuter Rail,1,0,0,0,"Worcester, MA-CT MSA",SHREWSBURY,0,0,Central Massachusetts,402,CMRPC,392,Central Massachusetts Regional Planning Commission,CMRPC,Central Massachusetts Regional Planning Commission,392,WRTA,Worcester Regional Transit Authority,,,,,
272,Shutesbury,2501161905,2501161905,2501161905,2501161905,2501161905,2501161905,2501161905,2501161905,2501161905,2501161905,2501161905,2501161905,2501161905,2501161905,2501161905,2501161905,2501161905,2501161905,2501161905,,Rural Town,381,Rural Town,381,Franklin County,368,,0,0,,0,0,0,0,"Springfield, MA MSA",SHUTESBURY,0,0,Western Massachusetts,405,FRCOG,393,Franklin Regional Council of Governments,FRCOG,Franklin Regional Council of Governments,393,FRTA,Franklin Regional Transit Authority,,,,,
273,Somerset,2500562430,2500562430,2500562430,2500562430,2500562430,2500562430,2500562430,2500562430,2500562430,2500562430,2500562430,2500562430,2500562430,2500562430,2500562430,2500562430,2500562430,2500562430,2500562430,,Sub-Regional Urban Center,383,Regional Urban Center,380,Bristol County,365,"Boston-Worcester-Providence, MA-RI-NH-CT CSA",0,0,,0,0,0,0,"Providence-Warwick, RI-MA MSA",SOMERSET,0,0,Southeastern Massachusetts,404,SRPEDD,401,Southeastern Regional Planning & Economic Development District,SRPEDD,Southeastern Regional Planning & Economic Development District,401,SRTA,Southeastern Regional Transit Authority,,,,,
274,Somerville,2501762535,2501762535,2501762535,2501762535,2501762535,2501762535,2501762535,2501762535,2501762535,2501762535,2501762535,2501762535,2501762535,2501762535,2501762535,2501762535,2501762535,2501762535,2501762535,North,Metro Core Community,382,Inner Core,378,Middlesex County,371,"Boston-Worcester-Providence, MA-RI-NH-CT CSA",1,1,Subway Or Light Rail,0,1,0,1,"Boston-Cambridge-Newton, MA-NH MSA",SOMERVILLE,0,1,MAPC,352,MAPC,352,Metropolitan Area Planning Council,MAPC,Metropolitan Area Planning Council,352,,,ICC,,355,Inner Core (ICC) Subregion,Inner Core Committee Subregion (ICC)
275,South Hadley,2501564145,2501564145,2501564145,2501564145,2501564145,2501564145,2501564145,2501564145,2501564145,2501564145,2501564145,2501564145,2501564145,2501564145,2501564145,2501564145,2501564145,2501564145,2501564145,,Maturing New England Town,387,Developing Suburb,377,Hampshire County,370,,0,0,,0,0,0,0,"Springfield, MA MSA",SOUTH HADLEY,0,0,Western Massachusetts,405,PVPC,400,Pioneer Valley Planning Commission,PVPC,Pioneer Valley Planning Commission,400,PVTA,Pioneer Valley Transit Authority,,,,,
276,Southampton,2501562745,2501562745,2501562745,2501562745,2501562745,2501562745,2501562745,2501562745,2501562745,2501562745,2501562745,2501562745,2501562745,2501562745,2501562745,2501562745,2501562745,2501562745,2501562745,,Country Suburb,388,Developing Suburb,377,Hampshire County,370,,0,0,,0,0,0,0,"Springfield, MA MSA",SOUTHAMPTON,0,0,Western Massachusetts,405,PVPC,400,Pioneer Valley Planning Commission,PVPC,Pioneer Valley Planning Commission,400,FRTA,Franklin Regional Transit Authority,,,,,
277,Southborough,2502763165,2502763165,2502763165,2502763165,2502763165,2502763165,2502763165,2502763165,2502763165,2502763165,2502763165,2502763165,2502763165,2502763165,2502763165,2502763165,2502763165,2502763165,2502763165,West,Established Suburb/Cape Cod Town,386,Maturing Suburb,379,Worcester County,376,"Boston-Worcester-Providence, MA-RI-NH-CT CSA",1,1,Commuter Rail,1,0,0,0,"Worcester, MA-CT MSA",SOUTHBOROUGH,0,1,MAPC,352,MAPC,352,Metropolitan Area Planning Council,MAPC,Metropolitan Area Planning Council,352,MWRTA,MetroWest Regional Transit Authority,MWRC,,357,Metrowest Subregion,MetroWest Regional Collaborative Subregion (MWRC)
278,Southbridge,2502763345,2502763345,2502763345,2502763345,2502763345,2502763345,2502763345,2502763345,2502763345,2502763345,2502763270,2502763345,2502763345,2502763345,2502763345,2502763345,2502763270,2502763345,2502763345,,Sub-Regional Urban Center,383,Regional Urban Center,380,Worcester County,376,"Boston-Worcester-Providence, MA-RI-NH-CT CSA",0,0,,0,0,0,0,"Worcester, MA-CT MSA",SOUTHBRIDGE,0,0,Central Massachusetts,402,CMRPC,392,Central Massachusetts Regional Planning Commission,CMRPC,Central Massachusetts Regional Planning Commission,392,WRTA,Worcester Regional Transit Authority,,,,,
279,Southwick,2501365825,2501365825,2501365825,2501365825,2501365825,2501365825,2501365825,2501365825,2501365825,2501365825,2501365825,2501365825,2501365825,2501365825,2501365825,2501365825,2501365825,2501365825,2501365825,,Country Suburb,388,Developing Suburb,377,Hampden County,369,,0,0,,0,0,0,0,,SOUTHWICK,0,0,Western Massachusetts,405,PVPC,400,Pioneer Valley Planning Commission,PVPC,Pioneer Valley Planning Commission,400,FRTA,Franklin Regional Transit Authority,,,,,
280,Spencer,2502766105,2502766105,2502766105,2502766105,2502766105,2502766105,2502766105,2502766105,2502766105,2502766105,2502766105,2502766105,2502766105,2502766105,2502766105,2502766105,2502766105,2502766105,2502766105,,Maturing New England Town,387,Developing Suburb,377,Worcester County,376,"Boston-Worcester-Providence, MA-RI-NH-CT CSA",0,0,,0,0,0,0,"Worcester, MA-CT MSA",SPENCER,0,0,Central Massachusetts,402,CMRPC,392,Central Massachusetts Regional Planning Commission,CMRPC,Central Massachusetts Regional Planning Commission,392,WRTA,Worcester Regional Transit Authority,,,,,
281,Springfield,2501367000,2501367000,2501367000,2501367000,2501367000,2501367000,2501367000,2501367000,2501367000,2501367000,2501367000,2501367000,2501367000,2501367000,2501367000,2501367000,2501367000,2501367000,2501367000,,Major Regional Urban Center,389,Regional Urban Center,380,Hampden County,369,,0,0,,0,0,0,0,,SPRINGFIELD,0,0,Western Massachusetts,405,PVPC,400,Pioneer Valley Planning Commission,PVPC,Pioneer Valley Planning Commission,400,PVTA,Pioneer Valley Transit Authority,,,,,
282,Sterling,2502767385,2502767385,2502767385,2502767385,2502767385,2502767385,2502767385,2502767385,2502767385,2502767385,2502767385,2502767385,2502767385,2502767385,2502767385,2502767385,2502767385,2502767385,2502767385,,Country Suburb,388,Developing Suburb,377,Worcester County,376,"Boston-Worcester-Providence, MA-RI-NH-CT CSA",0,1,MBTA Adjacent,1,0,0,0,"Worcester, MA-CT MSA",STERLING,0,0,Central Massachusetts,402,MRPC,396,Montachusett Regional Planning Commission,MRPC,Montachusett Regional Planning Commission,396,MART,Montachusett Regional Transit Authority,,,,,
283,Stockbridge,2500367595,2500367595,2500367595,2500367595,2500367595,2500367595,2500367595,2500367595,2500367595,2500367595,2500367595,2500367595,2500367595,2500367595,2500367595,2500367595,2500367595,2500367595,2500367595,,Rural Town,381,Rural Town,381,Berkshire County,364,,0,0,,0,0,0,0,"Pittsfield, MA MSA",STOCKBRIDGE,0,0,Western Massachusetts,405,BRPC,390,Berkshire County Regional Planning Commission,BRPC,Berkshire County Regional Planning Commission,390,BRTA,Berkshire Regional Transit Authority,,,,,
284,Stoneham,2501767665,2501767665,2501767665,2501767665,2501767665,2501767665,2501767665,2501767665,2501767665,2501767665,2501767665,2501767665,2501767665,2501767665,2501767665,2501767665,2501767665,2501767665,2501767665,North,Mature Suburb,385,Maturing Suburb,379,Middlesex County,371,"Boston-Worcester-Providence, MA-RI-NH-CT CSA",1,1,Bus,0,0,1,0,"Boston-Cambridge-Newton, MA-NH MSA",STONEHAM,0,1,MAPC,352,MAPC,352,Metropolitan Area Planning Council,MAPC,Metropolitan Area Planning Council,352,,,NSPC,,358,North Shore (NSTF) Subregion,North Suburban Planning Council Subregion (NSPC)
285,Stoughton,2502167945,2502167945,2502167945,2502167945,2502167945,2502167945,2502167945,2502167945,2502167945,2502167945,2502167945,2502167945,2502167945,2502167945,2502167945,2502167945,2502167945,2502167945,2502167945,South,Mature Suburb,385,Maturing Suburb,379,Norfolk County,373,"Boston-Worcester-Providence, MA-RI-NH-CT CSA",1,1,Commuter Rail,1,0,0,0,"Boston-Cambridge-Newton, MA-NH MSA",STOUGHTON,0,1,MAPC,352,MAPC,352,Metropolitan Area Planning Council,OCPC,Old Colony Planning Council,399,BAT,Brockton Area Transit Authority,TRIC,,362,Three Rivers (TRIC) Subregion,Three Rivers Interlocal Council Subregion (TRIC)
286,Stow,2501768050,2501768050,2501768050,2501768050,2501768050,2501768050,2501768050,2501768050,2501768050,2501768050,2501768050,2501768050,2501768050,2501768050,2501768050,2501768050,2501768050,2501768050,2501768050,West,Country Suburb,388,Developing Suburb,377,Middlesex County,371,"Boston-Worcester-Providence, MA-RI-NH-CT CSA",1,1,MBTA Adjacent,1,0,0,0,"Boston-Cambridge-Newton, MA-NH MSA",STOW,0,1,MAPC,352,MAPC,352,Metropolitan Area Planning Council,MAPC,Metropolitan Area Planning Council,352,MART,Montachusett Regional Transit Authority,MAGIC,,356,MAGIC Subregion,Minuteman Advisory Group on Interlocal Coordination Subregion (MAGIC)
287,Sturbridge,2502768155,2502768155,2502768155,2502768155,2502768155,2502768155,2502768155,2502768155,2502768155,2502768155,2502768155,2502768155,2502768155,2502768155,2502768155,2502768155,2502768155,2502768155,2502768155,,Maturing New England Town,387,Developing Suburb,377,Worcester County,376,"Boston-Worcester-Providence, MA-RI-NH-CT CSA",0,0,,0,0,0,0,"Worcester, MA-CT MSA",STURBRIDGE,0,0,Central Massachusetts,402,CMRPC,392,Central Massachusetts Regional Planning Commission,CMRPC,Central Massachusetts Regional Planning Commission,392,WRTA,Worcester Regional Transit Authority,,,,,
288,Sudbury,2501768260,2501768260,2501768260,2501768260,2501768260,2501768260,2501768260,2501768260,2501768260,2501768260,2501768260,2501768260,2501768260,2501768260,2501768260,2501768260,2501768260,2501768260,2501768260,West,Established Suburb/Cape Cod Town,386,Maturing Suburb,379,Middlesex County,371,"Boston-Worcester-Providence, MA-RI-NH-CT CSA",1,1,MBTA Adjacent,1,0,0,0,"Boston-Cambridge-Newton, MA-NH MSA",SUDBURY,0,1,MAPC,352,MAPC,352,Metropolitan Area Planning Council,MAPC,Metropolitan Area Planning Council,352,MWRTA,MetroWest Regional Transit Authority,MAGIC,,356,MAGIC Subregion,Minuteman Advisory Group on Interlocal Coordination Subregion (MAGIC)
289,Sunderland,2501168400,2501168400,2501168400,2501168400,2501168400,2501168400,2501168400,2501168400,2501168400,2501168400,2501168400,2501168400,2501168400,2501168400,2501168400,2501168400,2501168400,2501168400,2501168400,,Maturing New England Town,387,Developing Suburb,377,Franklin County,368,,0,0,,0,0,0,0,"Springfield, MA MSA",SUNDERLAND,0,0,Western Massachusetts,405,FRCOG,393,Franklin Regional Council of Governments,FRCOG,Franklin Regional Council of Governments,393,PVTA,Pioneer Valley Transit Authority,,,,,
290,Sutton,2502768610,2502768610,2502768610,2502768610,2502768610,2502768610,2502768610,2502768610,2502768610,2502768610,2502768610,2502768610,2502768610,2502768610,2502768610,2502768610,2502768610,2502768610,2502768610,,Country Suburb,388,Developing Suburb,377,Worcester County,376,"Boston-Worcester-Providence, MA-RI-NH-CT CSA",0,1,MBTA Adjacent,1,0,0,0,"Worcester, MA-CT MSA",SUTTON,0,0,Central Massachusetts,402,CMRPC,392,Central Massachusetts Regional Planning Commission,CMRPC,Central Massachusetts Regional Planning Commission,392,WRTA,Worcester Regional Transit Authority,,,,,
291,Swampscott,2500968645,2500968645,2500968645,2500968645,2500968645,2500968645,2500968645,2500968645,2500968645,2500968645,2500968645,2500968645,2500968645,2500968645,2500968645,2500968645,2500968645,2500968645,2500968645,North,Mature Suburb,385,Maturing Suburb,379,Essex County,367,"Boston-Worcester-Providence, MA-RI-NH-CT CSA",1,1,Bus,0,0,1,0,"Boston-Cambridge-Newton, MA-NH MSA",SWAMPSCOTT,1,1,MAPC,352,MAPC,352,Metropolitan Area Planning Council,MAPC,Metropolitan Area Planning Council,352,,,NSTF,,359,North Suburban (NSPC) Subregion,North Shore Task Force Subregion (NSTF)
292,Swansea,2500568750,2500568750,2500568750,2500568750,2500568750,2500568750,2500568750,2500568750,2500568750,2500568750,2500568750,2500568750,2500568750,2500568750,2500568750,2500568750,2500568750,2500568750,2500568750,,Maturing New England Town,387,Developing Suburb,377,Bristol County,365,"Boston-Worcester-Providence, MA-RI-NH-CT CSA",0,0,,0,0,0,0,"Providence-Warwick, RI-MA MSA",SWANSEA,0,0,Southeastern Massachusetts,404,SRPEDD,401,Southeastern Regional Planning & Economic Development District,SRPEDD,Southeastern Regional Planning & Economic Development District,401,SRTA,Southeastern Regional Transit Authority,,,,,
293,Taunton,2500569170,2500569170,2500569170,2500569170,2500569170,2500569170,2500569170,2500569170,2500569170,2500569170,2500569170,2500569170,2500569170,2500569170,2500569170,2500569170,2500569170,2500569170,2500569170,,Sub-Regional Urban Center,383,Regional Urban Center,380,Bristol County,365,"Boston-Worcester-Providence, MA-RI-NH-CT CSA",0,1,MBTA Adjacent,1,0,0,0,"Providence-Warwick, RI-MA MSA",TAUNTON,0,1,Southeastern Massachusetts,404,SRPEDD,401,Southeastern Regional Planning & Economic Development District,SRPEDD,Southeastern Regional Planning & Economic Development District,401,GATRA,Greater Attleboro Taunton Regional Transit Authority,,,,,
294,Templeton,2502769275,2502769275,2502769275,2502769275,2502769275,2502769275,2502769275,2502769275,2502769275,2502769275,2502769275,2502769275,2502769275,2502769275,2502769275,2502769275,2502769275,2502769275,2502769275,,Country Suburb,388,Developing Suburb,377,Worcester County,376,"Boston-Worcester-Providence, MA-RI-NH-CT CSA",0,0,,0,0,0,0,"Worcester, MA-CT MSA",TEMPLETON,0,0,Central Massachusetts,402,MRPC,396,Montachusett Regional Planning Commission,MRPC,Montachusett Regional Planning Commission,396,MART,Montachusett Regional Transit Authority,,,,,
295,Tewksbury,2501769415,2501769415,2501769415,2501769415,2501769415,2501769415,2501769415,2501769415,2501769415,2501769415,2501769415,2501769415,2501769415,2501769415,2501769415,2501769415,2501769415,2501769415,2501769415,North,Established Suburb/Cape Cod Town,386,Maturing Suburb,379,Middlesex County,371,"Boston-Worcester-Providence, MA-RI-NH-CT CSA",0,1,MBTA Adjacent,1,0,0,0,"Boston-Cambridge-Newton, MA-NH MSA",TEWKSBURY,0,1,Northeastern Massachusetts,403,NMCOG,398,Northern Middlesex Council of Government,NMCOG,Northern Middlesex Council of Government,398,LRTA,Lowell Regional Transit Authority,,,,,
296,Tisbury,2500769940,2500769940,2500769940,2500769940,2500769940,2500769940,2500769940,2500769940,2500769940,2500769940,2500769940,2500769940,2500769940,2500769940,2500769940,2500769940,2500769940,2500769940,2500769940,,Maturing New England Town,387,Developing Suburb,377,Dukes County,366,,0,0,,0,0,0,0,"Vineyard Haven, MA mSA",TISBURY,0,0,Southeastern Massachusetts,404,MVC,394,Marthas Vineyard Commission,MVC,Marthas Vineyard Commission,394,VRTA,Vineyard Transit Authority,,,,,
297,Tolland,2501370045,2501370045,2501370045,2501370045,2501370045,2501370045,2501370045,2501370045,2501370045,2501370045,2501370045,2501370045,2501370045,2501370045,2501370045,2501370045,2501370045,2501370045,2501370045,,Rural Town,381,Rural Town,381,Hampden County,369,,0,0,,0,0,0,0,,TOLLAND,0,0,Western Massachusetts,405,PVPC,400,Pioneer Valley Planning Commission,PVPC,Pioneer Valley Planning Commission,400,,,,,,,
298,Topsfield,2500970150,2500970150,2500970150,2500970150,2500970150,2500970150,2500970150,2500970150,2500970150,2500970150,2500970150,2500970150,2500970150,2500970150,2500970150,2500970150,2500970150,2500970150,2500970150,North,Country Suburb,388,Developing Suburb,377,Essex County,367,"Boston-Worcester-Providence, MA-RI-NH-CT CSA",1,1,MBTA Adjacent,0,0,1,0,"Boston-Cambridge-Newton, MA-NH MSA",TOPSFIELD,1,1,MAPC,352,MAPC,352,Metropolitan Area Planning Council,MAPC,Metropolitan Area Planning Council,352,,,NSTF,,359,North Suburban (NSPC) Subregion,North Shore Task Force Subregion (NSTF)
299,Townsend,2501770360,2501770360,2501770360,2501770360,2501770360,2501770360,2501770360,2501770360,2501770360,2501770360,2501770360,2501770360,2501770360,2501770360,2501770360,2501770360,2501770360,2501770360,2501770360,,Maturing New England Town,387,Developing Suburb,377,Middlesex County,371,"Boston-Worcester-Providence, MA-RI-NH-CT CSA",0,1,MBTA Adjacent,1,0,0,0,"Boston-Cambridge-Newton, MA-NH MSA",TOWNSEND,0,0,Central Massachusetts,402,MRPC,396,Montachusett Regional Planning Commission,MRPC,Montachusett Regional Planning Commission,396,LRTA,Lowell Regional Transit Authority,,,,,
300,Truro,2500170605,2500170605,2500170605,2500170605,2500170605,2500170605,2500170605,2500170605,2500170605,2500170605,2500170605,2500170605,2500170605,2500170605,2500170605,2500170605,2500170605,2500170605,2500170605,,Rural Town,381,Rural Town,381,Barnstable County,363,"Boston-Worcester-Providence, MA-RI-NH-CT CSA",0,0,,0,0,0,0,"Barnstable Town, MA MSA",TRURO,0,0,Southeastern Massachusetts,404,CCC,391,Cape Cod Planning & Economic Development Commission,CCC,Cape Cod Planning & Economic Development Commission,391,CCRTA,Cape Cod Regional Transit Authority,,,,,
301,Tyngsborough,2501771025,2501771025,2501771025,2501771025,2501771025,2501771025,2501771025,2501771025,2501771025,2501771025,2501771025,2501771025,2501771025,2501771025,2501771025,2501771025,2501771025,2501771025,2501771025,North,Country Suburb,388,Developing Suburb,377,Middlesex County,371,"Boston-Worcester-Providence, MA-RI-NH-CT CSA",0,1,MBTA Adjacent,1,0,0,0,"Boston-Cambridge-Newton, MA-NH MSA",TYNGSBOROUGH,0,1,Northeastern Massachusetts,403,NMCOG,398,Northern Middlesex Council of Government,NMCOG,Northern Middlesex Council of Government,398,LRTA,Lowell Regional Transit Authority,,,,,
302,Tyringham,2500371095,2500371095,2500371095,2500371095,2500371095,2500371095,2500371095,2500371095,2500371095,2500371095,2500371095,2500371095,2500371095,2500371095,2500371095,2500371095,2500371095,2500371095,2500371095,,Rural Town,381,Rural Town,381,Berkshire County,364,,0,0,,0,0,0,0,"Pittsfield, MA MSA",TYRINGHAM,0,0,Western Massachusetts,405,BRPC,390,Berkshire County Regional Planning Commission,BRPC,Berkshire County Regional Planning Commission,390,,,,,,,
303,Upton,2502771480,2502771480,2502771480,2502771480,2502771480,2502771480,2502771480,2502771480,2502771480,2502771480,2502771480,2502771480,2502771480,2502771480,2502771480,2502771480,2502771480,2502771480,2502771480,West,Country Suburb,388,Developing Suburb,377,Worcester County,376,"Boston-Worcester-Providence, MA-RI-NH-CT CSA",0,1,MBTA Adjacent,1,0,0,0,"Worcester, MA-CT MSA",UPTON,0,1,Central Massachusetts,402,CMRPC,392,Central Massachusetts Regional Planning Commission,CMRPC,Central Massachusetts Regional Planning Commission,392,,,,,,,
304,Uxbridge,2502771620,2502771620,2502771620,2502771620,2502771620,2502771620,2502771620,2502771620,2502771620,2502771620,2502771620,2502771620,2502771620,2502771620,2502771620,2502771620,2502771620,2502771620,2502771620,,Country Suburb,388,Developing Suburb,377,Worcester County,376,"Boston-Worcester-Providence, MA-RI-NH-CT CSA",0,0,,0,0,0,0,"Worcester, MA-CT MSA",UXBRIDGE,0,1,Central Massachusetts,402,CMRPC,392,Central Massachusetts Regional Planning Commission,CMRPC,Central Massachusetts Regional Planning Commission,392,,,,,,,
305,Wakefield,2501772215,2501772215,2501772215,2501772215,2501772215,2501772215,2501772215,2501772215,2501772215,2501772215,2501772215,2501772215,2501772215,2501772215,2501772215,2501772215,2501772215,2501772215,2501772215,North,Mature Suburb,385,Maturing Suburb,379,Middlesex County,371,"Boston-Worcester-Providence, MA-RI-NH-CT CSA",1,1,Bus,0,0,1,0,"Boston-Cambridge-Newton, MA-NH MSA",WAKEFIELD,0,1,MAPC,352,MAPC,352,Metropolitan Area Planning Council,MAPC,Metropolitan Area Planning Council,352,,,NSPC,,358,North Shore (NSTF) Subregion,North Suburban Planning Council Subregion (NSPC)
306,Wales,2501372390,2501372390,2501372390,2501372390,2501372390,2501372390,2501372390,2501372390,2501372390,2501372390,2501372390,2501372390,2501372390,2501372390,2501372390,2501372390,2501372390,2501372390,2501372390,,Rural Town,381,Rural Town,381,Hampden County,369,,0,0,,0,0,0,0,,WALES,0,0,Western Massachusetts,405,PVPC,400,Pioneer Valley Planning Commission,PVPC,Pioneer Valley Planning Commission,400,WRTA,Worcester Regional Transit Authority,,,,,
307,Walpole,2502172495,2502172495,2502172495,2502172495,2502172495,2502172495,2502172495,2502172495,2502172495,2502172495,2502172495,2502172495,2502172495,2502172495,2502172495,2502172495,2502172495,2502172495,2502172495,South,Maturing New England Town,387,Developing Suburb,377,Norfolk County,373,"Boston-Worcester-Providence, MA-RI-NH-CT CSA",1,1,Bus,0,0,1,0,"Boston-Cambridge-Newton, MA-NH MSA",WALPOLE,0,1,MAPC,352,MAPC,352,Metropolitan Area Planning Council,MAPC,Metropolitan Area Planning Council,352,,,TRIC,,362,Three Rivers (TRIC) Subregion,Three Rivers Interlocal Council Subregion (TRIC)
308,Waltham,2501772600,2501772600,2501772600,2501772600,2501772600,2501772600,2501772600,2501772600,2501772600,2501772600,2501772600,2501772600,2501772600,2501772600,2501772600,2501772600,2501772600,2501772600,2501772600,West,Streetcar Suburb,384,Inner Core,378,Middlesex County,371,"Boston-Worcester-Providence, MA-RI-NH-CT CSA",1,1,Bus,0,0,1,0,"Boston-Cambridge-Newton, MA-NH MSA",WALTHAM,0,1,MAPC,352,MAPC,352,Metropolitan Area Planning Council,MAPC,Metropolitan Area Planning Council,352,,,ICC,,355,Inner Core (ICC) Subregion,Inner Core Committee Subregion (ICC)
309,Ware,2501572880,2501572880,2501572880,2501572880,2501572880,2501572880,2501572880,2501572880,2501572880,2501572880,2501572880,2501572880,2501572880,2501572880,2501572880,2501572880,2501572880,2501572880,2501572880,,Maturing New England Town,387,Developing Suburb,377,Hampshire County,370,,0,0,,0,0,0,0,"Springfield, MA MSA",WARE,0,0,Western Massachusetts,405,PVPC,400,Pioneer Valley Planning Commission,PVPC,Pioneer Valley Planning Commission,400,PVTA,Pioneer Valley Transit Authority,,,,,
310,Wareham,2502372985,2502372985,2502372985,2502372985,2502372985,2502372985,2502372985,2502372985,2502372985,2502372985,2502372985,2502372985,2502372985,2502372985,2502372985,2502372985,2502372985,2502372985,2502372985,South,Maturing New England Town,387,Developing Suburb,377,Plymouth County,374,"Boston-Worcester-Providence, MA-RI-NH-CT CSA",0,1,MBTA Adjacent,1,0,0,0,"Boston-Cambridge-Newton, MA-NH MSA",WAREHAM,0,0,Southeastern Massachusetts,404,SRPEDD,401,Southeastern Regional Planning & Economic Development District,SRPEDD,Southeastern Regional Planning & Economic Development District,401,GATRA,Greater Attleboro Taunton Regional Transit Authority,,,,,
311,Warren,2502773090,2502773090,2502773090,2502773090,2502773090,2502773090,2502773090,2502773090,2502773090,2502773090,2502773090,2502773090,2502773090,2502773090,2502773090,2502773090,2502773090,2502773090,2502773090,,Country Suburb,388,Developing Suburb,377,Worcester County,376,"Boston-Worcester-Providence, MA-RI-NH-CT CSA",0,0,,0,0,0,0,"Worcester, MA-CT MSA",WARREN,0,0,Central Massachusetts,402,CMRPC,392,Central Massachusetts Regional Planning Commission,CMRPC,Central Massachusetts Regional Planning Commission,392,WRTA,Worcester Regional Transit Authority,,,,,
312,Warwick,2501173265,2501173265,2501173265,2501173265,2501173265,2501173265,2501173265,2501173265,2501173265,2501173265,2501173265,2501173265,2501173265,2501173265,2501173265,2501173265,2501173265,2501173265,2501173265,,Rural Town,381,Rural Town,381,Franklin County,368,,0,0,,0,0,0,0,"Springfield, MA MSA",WARWICK,0,0,Western Massachusetts,405,FRCOG,393,Franklin Regional Council of Governments,FRCOG,Franklin Regional Council of Governments,393,FRTA,Franklin Regional Transit Authority,,,,,
313,Washington,2500373335,2500373335,2500373335,2500373335,2500373335,2500373335,2500373335,2500373335,2500373335,2500373335,2500373335,2500373335,2500373335,2500373335,2500373335,2500373335,2500373335,2500373335,2500373335,,Rural Town,381,Rural Town,381,Berkshire County,364,,0,0,,0,0,0,0,"Pittsfield, MA MSA",WASHINGTON,0,0,Western Massachusetts,405,BRPC,390,Berkshire County Regional Planning Commission,BRPC,Berkshire County Regional Planning Commission,390,BRTA,Berkshire Regional Transit Authority,,,,,
314,Watertown,2501773440,2501773440,2501773440,2501773440,2501773440,2501773440,2501773440,2501773440,2501773440,2501773440,2501773440,2501773440,2501773440,2501773440,2501773440,2501773405,2501773440,2501773440,2501773440,West,Streetcar Suburb,384,Inner Core,378,Middlesex County,371,"Boston-Worcester-Providence, MA-RI-NH-CT CSA",1,1,Bus,0,1,0,0,"Boston-Cambridge-Newton, MA-NH MSA",WATERTOWN,0,1,MAPC,352,MAPC,352,Metropolitan Area Planning Council,MAPC,Metropolitan Area Planning Council,352,,,ICC,,355,Inner Core (ICC) Subregion,Inner Core Committee Subregion (ICC)
315,Wayland,2501773790,2501773790,2501773790,2501773790,2501773790,2501773790,2501773790,2501773790,2501773790,2501773790,2501773790,2501773790,2501773790,2501773790,2501773790,2501773790,2501773790,2501773790,2501773790,West,Established Suburb/Cape Cod Town,386,Maturing Suburb,379,Middlesex County,371,"Boston-Worcester-Providence, MA-RI-NH-CT CSA",1,1,MBTA Adjacent,1,0,0,0,"Boston-Cambridge-Newton, MA-NH MSA",WAYLAND,0,1,MAPC,352,MAPC,352,Metropolitan Area Planning Council,MAPC,Metropolitan Area Planning Council,352,MWRTA,MetroWest Regional Transit Authority,MWRC,,357,Metrowest Subregion,MetroWest Regional Collaborative Subregion (MWRC)
316,Webster,2502773895,2502773895,2502773895,2502773895,2502773895,2502773895,2502773895,2502773895,2502773895,2502773895,2502773895,2502773895,2502773895,2502773895,2502773895,2502773895,2502773895,2502773895,2502773895,,Sub-Regional Urban Center,383,Regional Urban Center,380,Worcester County,376,"Boston-Worcester-Providence, MA-RI-NH-CT CSA",0,0,,0,0,0,0,"Worcester, MA-CT MSA",WEBSTER,0,0,Central Massachusetts,402,CMRPC,392,Central Massachusetts Regional Planning Commission,CMRPC,Central Massachusetts Regional Planning Commission,392,WRTA,Worcester Regional Transit Authority,,,,,
317,Wellesley,2502174175,2502174175,2502174175,2502174175,2502174175,2502174175,2502174175,2502174175,2502174175,2502174175,2502174175,2502174175,2502174175,2502174175,2502174175,2502174175,2502174175,2502174175,2502174175,West,Established Suburb/Cape Cod Town,386,Maturing Suburb,379,Norfolk County,373,"Boston-Worcester-Providence, MA-RI-NH-CT CSA",1,1,Subway Or Light Rail,0,0,1,0,"Boston-Cambridge-Newton, MA-NH MSA",WELLESLEY,0,1,MAPC,352,MAPC,352,Metropolitan Area Planning Council,MAPC,Metropolitan Area Planning Council,352,MWRTA,MetroWest Regional Transit Authority,MWRC,,357,Metrowest Subregion,MetroWest Regional Collaborative Subregion (MWRC)
318,Wellfleet,2500174385,2500174385,2500174385,2500174385,2500174385,2500174385,2500174385,2500174385,2500174385,2500174385,2500174385,2500174385,2500174385,2500174385,2500174385,2500174385,2500174385,2500174385,2500174385,,Established Suburb/Cape Cod Town,386,Maturing Suburb,379,Barnstable County,363,"Boston-Worcester-Providence, MA-RI-NH-CT CSA",0,0,,0,0,0,0,"Barnstable Town, MA MSA",WELLFLEET,0,0,Southeastern Massachusetts,404,CCC,391,Cape Cod Planning & Economic Development Commission,CCC,Cape Cod Planning & Economic Development Commission,391,CCRTA,Cape Cod Regional Transit Authority,,,,,
319,Wendell,2501174525,2501174525,2501174525,2501174525,2501174525,2501174525,2501174525,2501174525,2501174525,2501174525,2501174525,2501174525,2501174525,2501174525,2501174525,2501174525,2501174525,2501174525,2501174525,,Rural Town,381,Rural Town,381,Franklin County,368,,0,0,,0,0,0,0,"Springfield, MA MSA",WENDELL,0,0,Western Massachusetts,405,FRCOG,393,Franklin Regional Council of Governments,FRCOG,Franklin Regional Council of Governments,393,FRTA,Franklin Regional Transit Authority,,,,,
320,Wenham,2500974595,2500974595,2500974595,2500974595,2500974595,2500974595,2500974595,2500974595,2500974595,2500974595,2500974595,2500974595,2500974595,2500974595,2500974595,2500974595,2500974595,2500974595,2500974595,North,Maturing New England Town,387,Developing Suburb,377,Essex County,367,"Boston-Worcester-Providence, MA-RI-NH-CT CSA",1,1,Commuter Rail,0,0,1,0,"Boston-Cambridge-Newton, MA-NH MSA",WENHAM,1,1,MAPC,352,MAPC,352,Metropolitan Area Planning Council,MAPC,Metropolitan Area Planning Council,352,,,NSTF,,359,North Suburban (NSPC) Subregion,North Shore Task Force Subregion (NSTF)
321,West Boylston,2502775155,2502775155,2502775155,2502775155,2502775155,2502775155,2502775155,2502775155,2502775155,2502775155,2502775155,2502775155,2502775155,2502775155,2502775155,2502775155,2502775155,2502775155,2502775155,,Maturing New England Town,387,Developing Suburb,377,Worcester County,376,"Boston-Worcester-Providence, MA-RI-NH-CT CSA",0,1,MBTA Adjacent,1,0,0,0,"Worcester, MA-CT MSA",WEST BOYLSTON,0,0,Central Massachusetts,402,CMRPC,392,Central Massachusetts Regional Planning Commission,CMRPC,Central Massachusetts Regional Planning Commission,392,WRTA,Worcester Regional Transit Authority,,,,,
322,West Bridgewater,2502375260,2502375260,2502375260,2502375260,2502375260,2502375260,2502375260,2502375260,2502375260,2502375260,2502375260,2502375260,2502375260,2502375260,2502375260,2502375260,2502375260,2502375260,2502375260,South,Maturing New England Town,387,Developing Suburb,377,Plymouth County,374,"Boston-Worcester-Providence, MA-RI-NH-CT CSA",0,1,MBTA Adjacent,1,0,0,0,"Boston-Cambridge-Newton, MA-NH MSA",WEST BRIDGEWATER,0,1,Southeastern Massachusetts,404,OCPC,399,Old Colony Planning Council,OCPC,Old Colony Planning Council,399,BAT,Brockton Area Transit Authority,,,,,
323,West Brookfield,2502775400,2502775400,2502775400,2502775400,2502775400,2502775400,2502775400,2502775400,2502775400,2502775400,2502775400,2502775400,2502775400,2502775400,2502775400,2502775400,2502775400,2502775400,2502775400,,Country Suburb,388,Developing Suburb,377,Worcester County,376,"Boston-Worcester-Providence, MA-RI-NH-CT CSA",0,0,,0,0,0,0,"Worcester, MA-CT MSA",WEST BROOKFIELD,0,0,Central Massachusetts,402,CMRPC,392,Central Massachusetts Regional Planning Commission,CMRPC,Central Massachusetts Regional Planning Commission,392,WRTA,Worcester Regional Transit Authority,,,,,
324,West Newbury,2500977150,2500977150,2500977150,2500977150,2500977150,2500977150,2500977150,2500977150,2500977150,2500977150,2500977150,2500977150,2500977150,2500977150,2500977150,2500977150,2500977150,2500977150,2500977150,North,Country Suburb,388,Developing Suburb,377,Essex County,367,"Boston-Worcester-Providence, MA-RI-NH-CT CSA",0,1,MBTA Adjacent,1,0,0,0,"Boston-Cambridge-Newton, MA-NH MSA",WEST NEWBURY,0,1,Northeastern Massachusetts,403,MVPC,395,Merrimack Valley Planning Commission,MVPC,Merrimack Valley Planning Commission,395,MVRTA,Merrimack Valley Regional Transit Authority,,,,,
325,West Springfield,2501377890,2501377890,2501377890,2501377890,2501377890,2501377890,2501377890,2501377890,2501377890,2501377890,2501377850,2501377890,2501377890,2501377890,2501377890,2501377890,2501377850,2501377890,2501377890,,Sub-Regional Urban Center,383,Regional Urban Center,380,Hampden County,369,,0,0,,0,0,0,0,,WEST SPRINGFIELD,0,0,Western Massachusetts,405,PVPC,400,Pioneer Valley Planning Commission,PVPC,Pioneer Valley Planning Commission,400,PVTA,Pioneer Valley Transit Authority,,,,,
326,West Stockbridge,2500377990,2500377990,2500377990,2500377990,2500377990,2500377990,2500377990,2500377990,2500377990,2500377990,2500377990,2500377990,2500377990,2500377990,2500377990,2500377990,2500377990,2500377990,2500377990,,Rural Town,381,Rural Town,381,Berkshire County,364,,0,0,,0,0,0,0,"Pittsfield, MA MSA",WEST STOCKBRIDGE,0,0,Western Massachusetts,405,BRPC,390,Berkshire County Regional Planning Commission,BRPC,Berkshire County Regional Planning Commission,390,,,,,,,
327,West Tisbury,2500778235,2500778235,2500778235,2500778235,2500778235,2500778235,2500778235,2500778235,2500778235,2500778235,2500778235,2500778235,2500778235,2500778235,2500778235,2500778235,2500778235,2500778235,2500778235,,Rural Town,381,Rural Town,381,Dukes County,366,,0,0,,0,0,0,0,"Vineyard Haven, MA mSA",WEST TISBURY,0,0,Southeastern Massachusetts,404,MVC,394,Marthas Vineyard Commission,MVC,Marthas Vineyard Commission,394,VRTA,Vineyard Transit Authority,,,,,
328,Westborough,2502775015,2502775015,2502775015,2502775015,2502775015,2502775015,2502775015,2502775015,2502775015,2502775015,2502775015,2502775015,2502775015,2502775015,2502775015,2502775015,2502775015,2502775015,2502775015,West,Maturing New England Town,387,Developing Suburb,377,Worcester County,376,"Boston-Worcester-Providence, MA-RI-NH-CT CSA",0,1,Commuter Rail,1,0,0,0,"Worcester, MA-CT MSA",WESTBOROUGH,0,1,Central Massachusetts,402,CMRPC,392,Central Massachusetts Regional Planning Commission,CMRPC,Central Massachusetts Regional Planning Commission,392,WRTA,Worcester Regional Transit Authority,,,,,
329,Westfield,2501376030,2501376030,2501376030,2501376030,2501376030,2501376030,2501376030,2501376030,2501376030,2501376030,2501376030,2501376030,2501376030,2501376030,2501376030,2501376030,2501376030,2501376030,2501376030,,Sub-Regional Urban Center,383,Regional Urban Center,380,Hampden County,369,,0,0,,0,0,0,0,,WESTFIELD,0,0,Western Massachusetts,405,PVPC,400,Pioneer Valley Planning Commission,PVPC,Pioneer Valley Planning Commission,400,PVTA,Pioneer Valley Transit Authority,,,,,
330,Westford,2501776135,2501776135,2501776135,2501776135,2501776135,2501776135,2501776135,2501776135,2501776135,2501776135,2501776135,2501776135,2501776135,2501776135,2501776135,2501776135,2501776135,2501776135,2501776135,North,Country Suburb,388,Developing Suburb,377,Middlesex County,371,"Boston-Worcester-Providence, MA-RI-NH-CT CSA",0,1,MBTA Adjacent,1,0,0,0,"Boston-Cambridge-Newton, MA-NH MSA",WESTFORD,0,1,Northeastern Massachusetts,403,NMCOG,398,Northern Middlesex Council of Government,NMCOG,Northern Middlesex Council of Government,398,LRTA,Lowell Regional Transit Authority,,,,,
331,Westhampton,2501576380,2501576380,2501576380,2501576380,2501576380,2501576380,2501576380,2501576380,2501576380,2501576380,2501576380,2501576380,2501576380,2501576380,2501576380,2501576380,2501576380,2501576380,2501576380,,Rural Town,381,Rural Town,381,Hampshire County,370,,0,0,,0,0,0,0,"Springfield, MA MSA",WESTHAMPTON,0,0,Western Massachusetts,405,PVPC,400,Pioneer Valley Planning Commission,PVPC,Pioneer Valley Planning Commission,400,FRTA,Franklin Regional Transit Authority,,,,,
332,Westminster,2502777010,2502777010,2502777010,2502777010,2502777010,2502777010,2502777010,2502777010,2502777010,2502777010,2502777010,2502777010,2502777010,2502777010,2502777010,2502777010,2502777010,2502777010,2502777010,,Country Suburb,388,Developing Suburb,377,Worcester County,376,"Boston-Worcester-Providence, MA-RI-NH-CT CSA",0,1,Commuter Rail,1,0,0,0,"Worcester, MA-CT MSA",WESTMINSTER,0,0,Central Massachusetts,402,MRPC,396,Montachusett Regional Planning Commission,MRPC,Montachusett Regional Planning Commission,396,MART,Montachusett Regional Transit Authority,,,,,
333,Weston,2501777255,2501777255,2501777255,2501777255,2501777255,2501777255,2501777255,2501777255,2501777255,2501777255,2501777255,2501777255,2501777255,2501777255,2501777255,2501777255,2501777255,2501777255,2501777255,West,Established Suburb/Cape Cod Town,386,Maturing Suburb,379,Middlesex County,371,"Boston-Worcester-Providence, MA-RI-NH-CT CSA",1,1,Subway Or Light Rail,0,0,1,0,"Boston-Cambridge-Newton, MA-NH MSA",WESTON,0,1,MAPC,352,MAPC,352,Metropolitan Area Planning Council,MAPC,Metropolitan Area Planning Council,352,MWRTA,MetroWest Regional Transit Authority,MWRC,,357,Metrowest Subregion,MetroWest Regional Collaborative Subregion (MWRC)
334,Westport,2500577570,2500577570,2500577570,2500577570,2500577570,2500577570,2500577570,2500577570,2500577570,2500577570,2500577570,2500577570,2500577570,2500577570,2500577570,2500577570,2500577570,2500577570,2500577570,,Maturing New England Town,387,Developing Suburb,377,Bristol County,365,"Boston-Worcester-Providence, MA-RI-NH-CT CSA",0,0,,0,0,0,0,"Providence-Warwick, RI-MA MSA",WESTPORT,0,0,Southeastern Massachusetts,404,SRPEDD,401,Southeastern Regional Planning & Economic Development District,SRPEDD,Southeastern Regional Planning & Economic Development District,401,SRTA,Southeastern Regional Transit Authority,,,,,
335,Westwood,2502178690,2502178690,2502178690,2502178690,2502178690,2502178690,2502178690,2502178690,2502178690,2502178690,2502178690,2502178690,2502178690,2502178690,2502178690,2502178690,2502178690,2502178690,2502178690,South,Established Suburb/Cape Cod Town,386,Maturing Suburb,379,Norfolk County,373,"Boston-Worcester-Providence, MA-RI-NH-CT CSA",1,1,Bus,0,0,1,0,"Boston-Cambridge-Newton, MA-NH MSA",WESTWOOD,0,1,MAPC,352,MAPC,352,Metropolitan Area Planning Council,MAPC,Metropolitan Area Planning Council,352,,,TRIC,,362,Three Rivers (TRIC) Subregion,Three Rivers Interlocal Council Subregion (TRIC)
336,Weymouth,2502178972,2502178972,2502178972,2502178972,2502178972,2502178972,2502178972,2502178972,2502178972,2502178972,2502178865,2502178972,2502178972,2502178972,2502178972,2502178972,2502178865,2502178972,2502178972,South,Mature Suburb,385,Maturing Suburb,379,Norfolk County,373,"Boston-Worcester-Providence, MA-RI-NH-CT CSA",1,1,Bus,0,0,1,0,"Boston-Cambridge-Newton, MA-NH MSA",WEYMOUTH,0,1,MAPC,352,MAPC,352,Metropolitan Area Planning Council,MAPC,Metropolitan Area Planning Council,352,,,SSC,,360,South Shore (SSC) Subregion,South Shore Coalition Subregion (SSC)
337,Whately,2501179110,2501179110,2501179110,2501179110,2501179110,2501179110,2501179110,2501179110,2501179110,2501179110,2501179110,2501179110,2501179110,2501179110,2501179110,2501179110,2501179110,2501179110,2501179110,,Rural Town,381,Rural Town,381,Franklin County,368,,0,0,,0,0,0,0,"Springfield, MA MSA",WHATELY,0,0,Western Massachusetts,405,FRCOG,393,Franklin Regional Council of Governments,FRCOG,Franklin Regional Council of Governments,393,FRTA,Franklin Regional Transit Authority,,,,,
338,Whitman,2502379530,2502379530,2502379530,2502379530,2502379530,2502379530,2502379530,2502379530,2502379530,2502379530,2502379530,2502379530,2502379530,2502379530,2502379530,2502379530,2502379530,2502379530,2502379530,South,Maturing New England Town,387,Developing Suburb,377,Plymouth County,374,"Boston-Worcester-Providence, MA-RI-NH-CT CSA",0,1,Commuter Rail,1,0,0,0,"Boston-Cambridge-Newton, MA-NH MSA",WHITMAN,0,1,Southeastern Massachusetts,404,OCPC,399,Old Colony Planning Council,OCPC,Old Colony Planning Council,399,BAT,Brockton Area Transit Authority,,,,,
339,Wilbraham,2501379740,2501379740,2501379740,2501379740,2501379740,2501379740,2501379740,2501379740,2501379740,2501379740,2501379740,2501379740,2501379740,2501379740,2501379740,2501379740,2501379740,2501379740,2501379740,,Maturing New England Town,387,Developing Suburb,377,Hampden County,369,,0,0,,0,0,0,0,,WILBRAHAM,0,0,Western Massachusetts,405,PVPC,400,Pioneer Valley Planning Commission,PVPC,Pioneer Valley Planning Commission,400,PVTA,Pioneer Valley Transit Authority,,,,,
340,Williamsburg,2501579915,2501579915,2501579915,2501579915,2501579915,2501579915,2501579915,2501579915,2501579915,2501579915,2501579915,2501579915,2501579915,2501579915,2501579915,2501579915,2501579915,2501579915,2501579915,,Rural Town,381,Rural Town,381,Hampshire County,370,,0,0,,0,0,0,0,"Springfield, MA MSA",WILLIAMSBURG,0,0,Western Massachusetts,405,PVPC,400,Pioneer Valley Planning Commission,PVPC,Pioneer Valley Planning Commission,400,PVTA,Pioneer Valley Transit Authority,,,,,
341,Williamstown,2500379985,2500379985,2500379985,2500379985,2500379985,2500379985,2500379985,2500379985,2500379985,2500379985,2500379985,2500379985,2500379985,2500379985,2500379985,2500379985,2500379985,2500379985,2500379985,,Maturing New England Town,387,Developing Suburb,377,Berkshire County,364,,0,0,,0,0,0,0,"Pittsfield, MA MSA",WILLIAMSTOWN,0,0,Western Massachusetts,405,BRPC,390,Berkshire County Regional Planning Commission,BRPC,Berkshire County Regional Planning Commission,390,BRTA,Berkshire Regional Transit Authority,,,,,
342,Wilmington,2501780230,2501780230,2501780230,2501780230,2501780230,2501780230,2501780230,2501780230,2501780230,2501780230,2501780230,2501780230,2501780230,2501780230,2501780230,2501780230,2501780230,2501780230,2501780230,North,Established Suburb/Cape Cod Town,386,Maturing Suburb,379,Middlesex County,371,"Boston-Worcester-Providence, MA-RI-NH-CT CSA",1,1,Bus,0,0,1,0,"Boston-Cambridge-Newton, MA-NH MSA",WILMINGTON,0,1,MAPC,352,MAPC,352,Metropolitan Area Planning Council,MAPC,Metropolitan Area Planning Council,352,,,NSPC,,358,North Shore (NSTF) Subregion,North Suburban Planning Council Subregion (NSPC)
343,Winchendon,2502780405,2502780405,2502780405,2502780405,2502780405,2502780405,2502780405,2502780405,2502780405,2502780405,2502780405,2502780405,2502780405,2502780405,2502780405,2502780405,2502780405,2502780405,2502780405,,Country Suburb,388,Developing Suburb,377,Worcester County,376,"Boston-Worcester-Providence, MA-RI-NH-CT CSA",0,0,,0,0,0,0,"Worcester, MA-CT MSA",WINCHENDON,0,0,Central Massachusetts,402,MRPC,396,Montachusett Regional Planning Commission,MRPC,Montachusett Regional Planning Commission,396,MART,Montachusett Regional Transit Authority,,,,,
344,Winchester,2501780510,2501780510,2501780510,2501780510,2501780510,2501780510,2501780510,2501780510,2501780510,2501780510,2501780510,2501780510,2501780510,2501780510,2501780510,2501780510,2501780510,2501780510,2501780510,North,Mature Suburb,385,Maturing Suburb,379,Middlesex County,371,"Boston-Worcester-Providence, MA-RI-NH-CT CSA",1,1,Bus,0,0,1,0,"Boston-Cambridge-Newton, MA-NH MSA",WINCHESTER,0,1,MAPC,352,MAPC,352,Metropolitan Area Planning Council,MAPC,Metropolitan Area Planning Council,352,,,NSPC,,358,North Shore (NSTF) Subregion,North Suburban Planning Council Subregion (NSPC)
345,Windsor,2500380685,2500380685,2500380685,2500380685,2500380685,2500380685,2500380685,2500380685,2500380685,2500380685,2500380685,2500380685,2500380685,2500380685,2500380685,2500380685,2500380685,2500380685,2500380685,,Rural Town,381,Rural Town,381,Berkshire County,364,,0,0,,0,0,0,0,"Pittsfield, MA MSA",WINDSOR,0,0,Western Massachusetts,405,BRPC,390,Berkshire County Regional Planning Commission,BRPC,Berkshire County Regional Planning Commission,390,BRTA,Berkshire Regional Transit Authority,,,,,
346,Winthrop,2502581005,2502581005,2502581005,2502581005,2502581005,2502581005,2502581005,2502581005,2502581005,2502581005,2502580930,2502581005,2502581005,2502581005,2502581005,2502581005,2502580930,2502581005,2502581005,North,Streetcar Suburb,384,Inner Core,378,Suffolk County,375,"Boston-Worcester-Providence, MA-RI-NH-CT CSA",1,1,Subway Or Light Rail,0,0,1,1,"Boston-Cambridge-Newton, MA-NH MSA",WINTHROP,0,1,MAPC,352,MAPC,352,Metropolitan Area Planning Council,MAPC,Metropolitan Area Planning Council,352,,,ICC,,355,Inner Core (ICC) Subregion,Inner Core Committee Subregion (ICC)
347,Woburn,2501781035,2501781035,2501781035,2501781035,2501781035,2501781035,2501781035,2501781035,2501781035,2501781035,2501781035,2501781035,2501781035,2501781035,2501781035,2501781035,2501781035,2501781035,2501781035,North,Sub-Regional Urban Center,383,Regional Urban Center,380,Middlesex County,371,"Boston-Worcester-Providence, MA-RI-NH-CT CSA",1,1,Bus,0,0,1,0,"Boston-Cambridge-Newton, MA-NH MSA",WOBURN,0,1,MAPC,352,MAPC,352,Metropolitan Area Planning Council,MAPC,Metropolitan Area Planning Council,352,,,NSPC,,358,North Shore (NSTF) Subregion,North Suburban Planning Council Subregion (NSPC)
348,Worcester,2502782000,2502782000,2502782000,2502782000,2502782000,2502782000,2502782000,2502782000,2502782000,2502782000,2502782000,2502782000,2502782000,2502782000,2502782000,2502782000,2502782000,2502782000,2502782000,,Major Regional Urban Center,389,Regional Urban Center,380,Worcester County,376,"Boston-Worcester-Providence, MA-RI-NH-CT CSA",0,1,Commuter Rail,1,0,0,0,"Worcester, MA-CT MSA",WORCESTER,0,0,Central Massachusetts,402,CMRPC,392,Central Massachusetts Regional Planning Commission,CMRPC,Central Massachusetts Regional Planning Commission,392,WRTA,Worcester Regional Transit Authority,,,,,
349,Worthington,2501582175,2501582175,2501582175,2501582175,2501582175,2501582175,2501582175,2501582175,2501582175,2501582175,2501582175,2501582175,2501582175,2501582175,2501582175,2501582175,2501582175,2501582175,2501582175,,Rural Town,381,Rural Town,381,Hampshire County,370,,0,0,,0,0,0,0,"Springfield, MA MSA",WORTHINGTON,0,0,Western Massachusetts,405,PVPC,400,Pioneer Valley Planning Commission,PVPC,Pioneer Valley Planning Commission,400,FRTA,Franklin Regional Transit Authority,,,,,
350,Wrentham,2502182315,2502182315,2502182315,2502182315,2502182315,2502182315,2502182315,2502182315,2502182315,2502182315,2502182315,2502182315,2502182315,2502182315,2502182315,2502182315,2502182315,2502182315,2502182315,West,Country Suburb,388,Developing Suburb,377,Norfolk County,373,"Boston-Worcester-Providence, MA-RI-NH-CT CSA",1,1,MBTA Adjacent,1,0,0,0,"Boston-Cambridge-Newton, MA-NH MSA",WRENTHAM,0,1,MAPC,352,MAPC,352,Metropolitan Area Planning Council,MAPC,Metropolitan Area Planning Council,352,GATRA,Greater Attleboro Taunton Regional Transit Authority,SWAP,,361,South West (SWAP) Subregion,SouthWest Advisory Planning Committee Subregion (SWAP)
351,Yarmouth,2500182525,2500182525,2500182525,2500182525,2500182525,2500182525,2500182525,2500182525,2500182525,2500182525,2500182525,2500182525,2500182525,2500182525,2500182525,2500182525,2500182525,2500182525,2500182525,,Established Suburb/Cape Cod Town,386,Maturing Suburb,379,Barnstable County,363,"Boston-Worcester-Providence, MA-RI-NH-CT CSA",0,0,,0,0,0,0,"Barnstable Town, MA MSA",YARMOUTH,0,0,Southeastern Massachusetts,404,CCC,391,Cape Cod Planning & Economic Development Commission,CCC,Cape Cod Planning & Economic Development Commission,391,CCRTA,Cape Cod Regional Transit Authority,,,,,
